,STATION,LATITUDE,LONGITUDE,ELEVATION,DATE,PRCP,TAVG,TMAX,TMIN,Station Name,Parameter Name,Parameter Abbreviation,Sample Date,Sample Time,Result Value (10% of RDL for NDs),Result Text,Units,RDL,Detected (Y: Yes; N: No),Laboratory Sample Number,Method,latitude,longitude
0,US1CAOR0021,33.8632,-117.7918,90.8,2016-06-14,0.0,,,,SAR-IMPERIAL-01,Perfluoro butane sulfonic acid,PFBS,2016-06-14,12:10:00,9.0,ND,ng/L,90,N,16060368-19,537,33.85746227,-117.79209184
1,US1CAOR0021,33.8632,-117.7918,90.8,2016-06-14,0.0,,,,SAR-IMPERIAL-01,Perfluoro heptanoic acid,PFHpA,2016-06-14,12:10:00,1.0,ND,ng/L,10,N,16060368-19,537,33.85746227,-117.79209184
2,US1CAOR0021,33.8632,-117.7918,90.8,2016-06-14,0.0,,,,SAR-IMPERIAL-01,Perfluoro hexane sulfonic acid,PFHxS,2016-06-14,12:10:00,3.0,ND,ng/L,30,N,16060368-19,537,33.85746227,-117.79209184
3,US1CAOR0021,33.8632,-117.7918,90.8,2016-06-14,0.0,,,,SAR-IMPERIAL-01,Perfluoro nonanoic acid,PFNA,2016-06-14,12:10:00,2.0,ND,ng/L,20,N,16060368-19,537,33.85746227,-117.79209184
4,US1CAOR0021,33.8632,-117.7918,90.8,2016-06-14,0.0,,,,SAR-IMPERIAL-01,Perfluoro octane sulfonic acid,PFOS,2016-06-14,12:10:00,4.0,ND,ng/L,40,N,16060368-19,537,33.85746227,-117.79209184
5,US1CAOR0021,33.8632,-117.7918,90.8,2016-06-14,0.0,,,,SAR-IMPERIAL-01,Perfluoro octanoic acid,PFOA,2016-06-14,12:10:00,2.0,ND,ng/L,20,N,16060368-19,537,33.85746227,-117.79209184
6,US1CAOR0021,33.8632,-117.7918,90.8,2016-07-05,0.0,,,,SAR-IMPERIAL-01,Perfluoro butane sulfonic acid,PFBS,2016-07-05,11:35:00,9.0,ND,ng/L,90,N,16070079-02,537,33.85746227,-117.79209184
7,US1CAOR0021,33.8632,-117.7918,90.8,2016-07-05,0.0,,,,SAR-IMPERIAL-01,Perfluoro heptanoic acid,PFHpA,2016-07-05,11:35:00,1.0,ND,ng/L,10,N,16070079-02,537,33.85746227,-117.79209184
8,US1CAOR0021,33.8632,-117.7918,90.8,2016-07-05,0.0,,,,SAR-IMPERIAL-01,Perfluoro hexane sulfonic acid,PFHxS,2016-07-05,11:35:00,3.0,ND,ng/L,30,N,16070079-02,537,33.85746227,-117.79209184
9,US1CAOR0021,33.8632,-117.7918,90.8,2016-07-05,0.0,,,,SAR-IMPERIAL-01,Perfluoro nonanoic acid,PFNA,2016-07-05,11:35:00,2.0,ND,ng/L,20,N,16070079-02,537,33.85746227,-117.79209184
10,US1CAOR0021,33.8632,-117.7918,90.8,2016-07-05,0.0,,,,SAR-IMPERIAL-01,Perfluoro octane sulfonic acid,PFOS,2016-07-05,11:35:00,4.0,ND,ng/L,40,N,16070079-02,537,33.85746227,-117.79209184
11,US1CAOR0021,33.8632,-117.7918,90.8,2016-07-05,0.0,,,,SAR-IMPERIAL-01,Perfluoro octanoic acid,PFOA,2016-07-05,11:35:00,2.0,ND,ng/L,20,N,16070079-02,537,33.85746227,-117.79209184
17,US1CAOR0021,33.8632,-117.7918,90.8,2016-07-14,0.0,,,,SAR-IMPERIAL-01,Perfluoro octanoic acid,PFOA,2016-07-14,09:30:00,2.0,ND,ng/L,20,N,16070370-01,537,33.85746227,-117.79209184
16,US1CAOR0021,33.8632,-117.7918,90.8,2016-07-14,0.0,,,,SAR-IMPERIAL-01,Perfluoro octane sulfonic acid,PFOS,2016-07-14,09:30:00,4.0,ND,ng/L,40,N,16070370-01,537,33.85746227,-117.79209184
15,US1CAOR0021,33.8632,-117.7918,90.8,2016-07-14,0.0,,,,SAR-IMPERIAL-01,Perfluoro nonanoic acid,PFNA,2016-07-14,09:30:00,2.0,ND,ng/L,20,N,16070370-01,537,33.85746227,-117.79209184
13,US1CAOR0021,33.8632,-117.7918,90.8,2016-07-14,0.0,,,,SAR-IMPERIAL-01,Perfluoro heptanoic acid,PFHpA,2016-07-14,09:30:00,1.0,ND,ng/L,10,N,16070370-01,537,33.85746227,-117.79209184
12,US1CAOR0021,33.8632,-117.7918,90.8,2016-07-14,0.0,,,,SAR-IMPERIAL-01,Perfluoro butane sulfonic acid,PFBS,2016-07-14,09:30:00,9.0,ND,ng/L,90,N,16070370-01,537,33.85746227,-117.79209184
14,US1CAOR0021,33.8632,-117.7918,90.8,2016-07-14,0.0,,,,SAR-IMPERIAL-01,Perfluoro hexane sulfonic acid,PFHxS,2016-07-14,09:30:00,3.0,ND,ng/L,30,N,16070370-01,537,33.85746227,-117.79209184
18,US1CAOR0021,33.8632,-117.7918,90.8,2016-07-26,0.0,,,,SAR-IMPERIAL-01,Perfluoro butane sulfonic acid,PFBS,2016-07-26,08:40:00,9.0,ND,ng/L,90,N,16070714-02,537,33.85746227,-117.79209184
19,US1CAOR0021,33.8632,-117.7918,90.8,2016-07-26,0.0,,,,SAR-IMPERIAL-01,Perfluoro heptanoic acid,PFHpA,2016-07-26,08:40:00,1.0,ND,ng/L,10,N,16070714-02,537,33.85746227,-117.79209184
20,US1CAOR0021,33.8632,-117.7918,90.8,2016-07-26,0.0,,,,SAR-IMPERIAL-01,Perfluoro hexane sulfonic acid,PFHxS,2016-07-26,08:40:00,3.0,ND,ng/L,30,N,16070714-02,537,33.85746227,-117.79209184
21,US1CAOR0021,33.8632,-117.7918,90.8,2016-07-26,0.0,,,,SAR-IMPERIAL-01,Perfluoro nonanoic acid,PFNA,2016-07-26,08:40:00,2.0,ND,ng/L,20,N,16070714-02,537,33.85746227,-117.79209184
22,US1CAOR0021,33.8632,-117.7918,90.8,2016-07-26,0.0,,,,SAR-IMPERIAL-01,Perfluoro octane sulfonic acid,PFOS,2016-07-26,08:40:00,4.0,ND,ng/L,40,N,16070714-02,537,33.85746227,-117.79209184
23,US1CAOR0021,33.8632,-117.7918,90.8,2016-07-26,0.0,,,,SAR-IMPERIAL-01,Perfluoro octanoic acid,PFOA,2016-07-26,08:40:00,2.0,ND,ng/L,20,N,16070714-02,537,33.85746227,-117.79209184
28,US1CAOR0021,33.8632,-117.7918,90.8,2016-08-09,0.0,,,,SAR-IMPERIAL-01,Perfluoro octane sulfonic acid,PFOS,2016-08-09,11:55:00,4.0,ND,ng/L,40,N,16080311-02,537,33.85746227,-117.79209184
29,US1CAOR0021,33.8632,-117.7918,90.8,2016-08-09,0.0,,,,SAR-IMPERIAL-01,Perfluoro octanoic acid,PFOA,2016-08-09,11:55:00,2.0,ND,ng/L,20,N,16080311-02,537,33.85746227,-117.79209184
27,US1CAOR0021,33.8632,-117.7918,90.8,2016-08-09,0.0,,,,SAR-IMPERIAL-01,Perfluoro nonanoic acid,PFNA,2016-08-09,11:55:00,2.0,ND,ng/L,20,N,16080311-02,537,33.85746227,-117.79209184
24,US1CAOR0021,33.8632,-117.7918,90.8,2016-08-09,0.0,,,,SAR-IMPERIAL-01,Perfluoro butane sulfonic acid,PFBS,2016-08-09,11:55:00,9.0,ND,ng/L,90,N,16080311-02,537,33.85746227,-117.79209184
25,US1CAOR0021,33.8632,-117.7918,90.8,2016-08-09,0.0,,,,SAR-IMPERIAL-01,Perfluoro heptanoic acid,PFHpA,2016-08-09,11:55:00,1.0,ND,ng/L,10,N,16080311-02,537,33.85746227,-117.79209184
26,US1CAOR0021,33.8632,-117.7918,90.8,2016-08-09,0.0,,,,SAR-IMPERIAL-01,Perfluoro hexane sulfonic acid,PFHxS,2016-08-09,11:55:00,3.0,ND,ng/L,30,N,16080311-02,537,33.85746227,-117.79209184
30,US1CAOR0021,33.8632,-117.7918,90.8,2016-08-23,0.0,,,,SAR-IMPERIAL-01,Perfluoro butane sulfonic acid,PFBS,2016-08-23,11:45:00,6.44,6.44,ng/L,4,Y,16080703-02,537,33.85746227,-117.79209184
31,US1CAOR0021,33.8632,-117.7918,90.8,2016-08-23,0.0,,,,SAR-IMPERIAL-01,Perfluoro heptanoic acid,PFHpA,2016-08-23,11:45:00,0.4,ND,ng/L,4,N,16080703-02,537,33.85746227,-117.79209184
32,US1CAOR0021,33.8632,-117.7918,90.8,2016-08-23,0.0,,,,SAR-IMPERIAL-01,Perfluoro hexane sulfonic acid,PFHxS,2016-08-23,11:45:00,4.96,4.96,ng/L,4,Y,16080703-02,537,33.85746227,-117.79209184
33,US1CAOR0021,33.8632,-117.7918,90.8,2016-08-23,0.0,,,,SAR-IMPERIAL-01,Perfluoro nonanoic acid,PFNA,2016-08-23,11:45:00,0.4,ND,ng/L,4,N,16080703-02,537,33.85746227,-117.79209184
34,US1CAOR0021,33.8632,-117.7918,90.8,2016-08-23,0.0,,,,SAR-IMPERIAL-01,Perfluoro octane sulfonic acid,PFOS,2016-08-23,11:45:00,10.2,10.2,ng/L,4,Y,16080703-02,537,33.85746227,-117.79209184
35,US1CAOR0021,33.8632,-117.7918,90.8,2016-08-23,0.0,,,,SAR-IMPERIAL-01,Perfluoro octanoic acid,PFOA,2016-08-23,11:45:00,12.0,12.0,ng/L,4,Y,16080703-02,537,33.85746227,-117.79209184
41,US1CAOR0021,33.8632,-117.7918,90.8,2016-09-06,0.0,,,,SAR-IMPERIAL-01,Perfluoro octanoic acid,PFOA,2016-09-06,09:10:00,17.9,17.9,ng/L,4,Y,16090097-02,537,33.85746227,-117.79209184
40,US1CAOR0021,33.8632,-117.7918,90.8,2016-09-06,0.0,,,,SAR-IMPERIAL-01,Perfluoro octane sulfonic acid,PFOS,2016-09-06,09:10:00,11.6,11.6,ng/L,4,Y,16090097-02,537,33.85746227,-117.79209184
39,US1CAOR0021,33.8632,-117.7918,90.8,2016-09-06,0.0,,,,SAR-IMPERIAL-01,Perfluoro nonanoic acid,PFNA,2016-09-06,09:10:00,0.4,ND,ng/L,4,N,16090097-02,537,33.85746227,-117.79209184
38,US1CAOR0021,33.8632,-117.7918,90.8,2016-09-06,0.0,,,,SAR-IMPERIAL-01,Perfluoro hexane sulfonic acid,PFHxS,2016-09-06,09:10:00,7.87,7.87,ng/L,4,Y,16090097-02,537,33.85746227,-117.79209184
36,US1CAOR0021,33.8632,-117.7918,90.8,2016-09-06,0.0,,,,SAR-IMPERIAL-01,Perfluoro butane sulfonic acid,PFBS,2016-09-06,09:10:00,10.7,10.7,ng/L,4,Y,16090097-02,537,33.85746227,-117.79209184
37,US1CAOR0021,33.8632,-117.7918,90.8,2016-09-06,0.0,,,,SAR-IMPERIAL-01,Perfluoro heptanoic acid,PFHpA,2016-09-06,09:10:00,4.34,4.34,ng/L,4,Y,16090097-02,537,33.85746227,-117.79209184
42,US1CAOR0021,33.8632,-117.7918,90.8,2016-10-17,0.24,,,,SAR-IMPERIAL-01,Perfluoro butane sulfonic acid,PFBS,2016-10-17,11:35:00,9.8,9.8,ng/L,4,Y,16100490-02,537,33.85746227,-117.79209184
43,US1CAOR0021,33.8632,-117.7918,90.8,2016-10-17,0.24,,,,SAR-IMPERIAL-01,Perfluoro heptanoic acid,PFHpA,2016-10-17,11:35:00,10.9,10.9,ng/L,4,Y,16100490-02,537,33.85746227,-117.79209184
44,US1CAOR0021,33.8632,-117.7918,90.8,2016-10-17,0.24,,,,SAR-IMPERIAL-01,Perfluoro hexane sulfonic acid,PFHxS,2016-10-17,11:35:00,6.7,6.7,ng/L,4,Y,16100490-02,537,33.85746227,-117.79209184
45,US1CAOR0021,33.8632,-117.7918,90.8,2016-10-17,0.24,,,,SAR-IMPERIAL-01,Perfluoro nonanoic acid,PFNA,2016-10-17,11:35:00,7.6,7.6,ng/L,4,Y,16100490-02,537,33.85746227,-117.79209184
46,US1CAOR0021,33.8632,-117.7918,90.8,2016-10-17,0.24,,,,SAR-IMPERIAL-01,Perfluoro octane sulfonic acid,PFOS,2016-10-17,11:35:00,19.6,19.6,ng/L,4,Y,16100490-02,537,33.85746227,-117.79209184
47,US1CAOR0021,33.8632,-117.7918,90.8,2016-10-17,0.24,,,,SAR-IMPERIAL-01,Perfluoro octanoic acid,PFOA,2016-10-17,11:35:00,39.8,39.8,ng/L,4,Y,16100490-02,537,33.85746227,-117.79209184
53,US1CAOR0021,33.8632,-117.7918,90.8,2016-11-02,0.0,,,,SAR-IMPERIAL-01,Perfluoro octanoic acid,PFOA,2016-11-02,11:30:00,18.8,18.8,ng/L,4,Y,16110096-02,537,33.85746227,-117.79209184
52,US1CAOR0021,33.8632,-117.7918,90.8,2016-11-02,0.0,,,,SAR-IMPERIAL-01,Perfluoro octane sulfonic acid,PFOS,2016-11-02,11:30:00,11.4,11.4,ng/L,4,Y,16110096-02,537,33.85746227,-117.79209184
51,US1CAOR0021,33.8632,-117.7918,90.8,2016-11-02,0.0,,,,SAR-IMPERIAL-01,Perfluoro nonanoic acid,PFNA,2016-11-02,11:30:00,0.4,ND,ng/L,4,N,16110096-02,537,33.85746227,-117.79209184
49,US1CAOR0021,33.8632,-117.7918,90.8,2016-11-02,0.0,,,,SAR-IMPERIAL-01,Perfluoro heptanoic acid,PFHpA,2016-11-02,11:30:00,5.5,5.5,ng/L,4,Y,16110096-02,537,33.85746227,-117.79209184
48,US1CAOR0021,33.8632,-117.7918,90.8,2016-11-02,0.0,,,,SAR-IMPERIAL-01,Perfluoro butane sulfonic acid,PFBS,2016-11-02,11:30:00,11.0,11.0,ng/L,4,Y,16110096-02,537,33.85746227,-117.79209184
50,US1CAOR0021,33.8632,-117.7918,90.8,2016-11-02,0.0,,,,SAR-IMPERIAL-01,Perfluoro hexane sulfonic acid,PFHxS,2016-11-02,11:30:00,6.4,6.4,ng/L,4,Y,16110096-02,537,33.85746227,-117.79209184
54,US1CAOR0021,33.8632,-117.7918,90.8,2017-01-19,0.8,,,,SAR-IMPERIAL-01,Perfluoro butane sulfonic acid,PFBS,2017-01-19,08:30:00,4.0,4.0,ng/L,4,Y,17010533-02,537,33.85746227,-117.79209184
55,US1CAOR0021,33.8632,-117.7918,90.8,2017-01-19,0.8,,,,SAR-IMPERIAL-01,Perfluoro heptanoic acid,PFHpA,2017-01-19,08:30:00,0.4,ND,ng/L,4,N,17010533-02,537,33.85746227,-117.79209184
56,US1CAOR0021,33.8632,-117.7918,90.8,2017-01-19,0.8,,,,SAR-IMPERIAL-01,Perfluoro hexane sulfonic acid,PFHxS,2017-01-19,08:30:00,0.4,ND,ng/L,4,N,17010533-02,537,33.85746227,-117.79209184
57,US1CAOR0021,33.8632,-117.7918,90.8,2017-01-19,0.8,,,,SAR-IMPERIAL-01,Perfluoro nonanoic acid,PFNA,2017-01-19,08:30:00,0.4,ND,ng/L,4,N,17010533-02,537,33.85746227,-117.79209184
58,US1CAOR0021,33.8632,-117.7918,90.8,2017-01-19,0.8,,,,SAR-IMPERIAL-01,Perfluoro octane sulfonic acid,PFOS,2017-01-19,08:30:00,11.1,11.1,ng/L,4,Y,17010533-02,537,33.85746227,-117.79209184
59,US1CAOR0021,33.8632,-117.7918,90.8,2017-01-19,0.8,,,,SAR-IMPERIAL-01,Perfluoro octanoic acid,PFOA,2017-01-19,08:30:00,10.4,10.4,ng/L,4,Y,17010533-02,537,33.85746227,-117.79209184
62,US1CAOR0021,33.8632,-117.7918,90.8,2017-02-01,0.0,,,,SAR-IMPERIAL-01,Perfluoro hexane sulfonic acid,PFHxS,2017-02-01,08:45:00,4.4,4.4,ng/L,4,Y,17020048-02,537,33.85746227,-117.79209184
65,US1CAOR0021,33.8632,-117.7918,90.8,2017-02-01,0.0,,,,SAR-IMPERIAL-01,Perfluoro octanoic acid,PFOA,2017-02-01,08:45:00,10.8,10.8,ng/L,4,Y,17020048-02,537,33.85746227,-117.79209184
64,US1CAOR0021,33.8632,-117.7918,90.8,2017-02-01,0.0,,,,SAR-IMPERIAL-01,Perfluoro octane sulfonic acid,PFOS,2017-02-01,08:45:00,10.1,10.1,ng/L,4,Y,17020048-02,537,33.85746227,-117.79209184
61,US1CAOR0021,33.8632,-117.7918,90.8,2017-02-01,0.0,,,,SAR-IMPERIAL-01,Perfluoro heptanoic acid,PFHpA,2017-02-01,08:45:00,4.3,4.3,ng/L,4,Y,17020048-02,537,33.85746227,-117.79209184
60,US1CAOR0021,33.8632,-117.7918,90.8,2017-02-01,0.0,,,,SAR-IMPERIAL-01,Perfluoro butane sulfonic acid,PFBS,2017-02-01,08:45:00,5.6,5.6,ng/L,4,Y,17020048-02,537,33.85746227,-117.79209184
63,US1CAOR0021,33.8632,-117.7918,90.8,2017-02-01,0.0,,,,SAR-IMPERIAL-01,Perfluoro nonanoic acid,PFNA,2017-02-01,08:45:00,0.4,ND,ng/L,4,N,17020048-02,537,33.85746227,-117.79209184
70,US1CAOR0021,33.8632,-117.7918,90.8,2017-02-14,0.0,,,,SAR-IMPERIAL-01,Perfluoro octane sulfonic acid,PFOS,2017-02-14,11:45:00,10.9,10.9,ng/L,4,Y,17020372-02,537,33.85746227,-117.79209184
66,US1CAOR0021,33.8632,-117.7918,90.8,2017-02-14,0.0,,,,SAR-IMPERIAL-01,Perfluoro butane sulfonic acid,PFBS,2017-02-14,11:45:00,5.5,5.5,ng/L,4,Y,17020372-02,537,33.85746227,-117.79209184
67,US1CAOR0021,33.8632,-117.7918,90.8,2017-02-14,0.0,,,,SAR-IMPERIAL-01,Perfluoro heptanoic acid,PFHpA,2017-02-14,11:45:00,4.2,4.2,ng/L,4,Y,17020372-02,537,33.85746227,-117.79209184
68,US1CAOR0021,33.8632,-117.7918,90.8,2017-02-14,0.0,,,,SAR-IMPERIAL-01,Perfluoro hexane sulfonic acid,PFHxS,2017-02-14,11:45:00,4.5,4.5,ng/L,4,Y,17020372-02,537,33.85746227,-117.79209184
69,US1CAOR0021,33.8632,-117.7918,90.8,2017-02-14,0.0,,,,SAR-IMPERIAL-01,Perfluoro nonanoic acid,PFNA,2017-02-14,11:45:00,0.4,ND,ng/L,4,N,17020372-02,537,33.85746227,-117.79209184
71,US1CAOR0021,33.8632,-117.7918,90.8,2017-02-14,0.0,,,,SAR-IMPERIAL-01,Perfluoro octanoic acid,PFOA,2017-02-14,11:45:00,12.3,12.3,ng/L,4,Y,17020372-02,537,33.85746227,-117.79209184
77,US1CAOR0021,33.8632,-117.7918,90.8,2017-02-28,0.11,,,,SAR-IMPERIAL-01,Perfluoro octanoic acid,PFOA,2017-02-28,10:45:00,20.8,20.8,ng/L,4,Y,17020707-02,537,33.85746227,-117.79209184
75,US1CAOR0021,33.8632,-117.7918,90.8,2017-02-28,0.11,,,,SAR-IMPERIAL-01,Perfluoro nonanoic acid,PFNA,2017-02-28,10:45:00,0.4,ND,ng/L,4,N,17020707-02,537,33.85746227,-117.79209184
76,US1CAOR0021,33.8632,-117.7918,90.8,2017-02-28,0.11,,,,SAR-IMPERIAL-01,Perfluoro octane sulfonic acid,PFOS,2017-02-28,10:45:00,17.7,17.7,ng/L,4,Y,17020707-02,537,33.85746227,-117.79209184
73,US1CAOR0021,33.8632,-117.7918,90.8,2017-02-28,0.11,,,,SAR-IMPERIAL-01,Perfluoro heptanoic acid,PFHpA,2017-02-28,10:45:00,6.7,6.7,ng/L,4,Y,17020707-02,537,33.85746227,-117.79209184
72,US1CAOR0021,33.8632,-117.7918,90.8,2017-02-28,0.11,,,,SAR-IMPERIAL-01,Perfluoro butane sulfonic acid,PFBS,2017-02-28,10:45:00,8.8,8.8,ng/L,4,Y,17020707-02,537,33.85746227,-117.79209184
74,US1CAOR0021,33.8632,-117.7918,90.8,2017-02-28,0.11,,,,SAR-IMPERIAL-01,Perfluoro hexane sulfonic acid,PFHxS,2017-02-28,10:45:00,7.6,7.6,ng/L,4,Y,17020707-02,537,33.85746227,-117.79209184
78,US1CAOR0021,33.8632,-117.7918,90.8,2017-03-14,0.0,,,,SAR-IMPERIAL-01,Perfluoro butane sulfonic acid,PFBS,2017-03-14,10:30:00,7.5,7.5,ng/L,4,Y,17030363-02,537,33.85746227,-117.79209184
79,US1CAOR0021,33.8632,-117.7918,90.8,2017-03-14,0.0,,,,SAR-IMPERIAL-01,Perfluoro heptanoic acid,PFHpA,2017-03-14,10:30:00,5.0,5.0,ng/L,4,Y,17030363-02,537,33.85746227,-117.79209184
80,US1CAOR0021,33.8632,-117.7918,90.8,2017-03-14,0.0,,,,SAR-IMPERIAL-01,Perfluoro hexane sulfonic acid,PFHxS,2017-03-14,10:30:00,6.3,6.3,ng/L,4,Y,17030363-02,537,33.85746227,-117.79209184
81,US1CAOR0021,33.8632,-117.7918,90.8,2017-03-14,0.0,,,,SAR-IMPERIAL-01,Perfluoro nonanoic acid,PFNA,2017-03-14,10:30:00,0.4,ND,ng/L,4,N,17030363-02,537,33.85746227,-117.79209184
82,US1CAOR0021,33.8632,-117.7918,90.8,2017-03-14,0.0,,,,SAR-IMPERIAL-01,Perfluoro octane sulfonic acid,PFOS,2017-03-14,10:30:00,14.0,14.0,ng/L,4,Y,17030363-02,537,33.85746227,-117.79209184
83,US1CAOR0021,33.8632,-117.7918,90.8,2017-03-14,0.0,,,,SAR-IMPERIAL-01,Perfluoro octanoic acid,PFOA,2017-03-14,10:30:00,15.0,15.0,ng/L,4,Y,17030363-02,537,33.85746227,-117.79209184
89,US1CAOR0021,33.8632,-117.7918,90.8,2017-03-28,0.0,,,,SAR-IMPERIAL-01,Perfluoro octanoic acid,PFOA,2017-03-28,08:45:00,17.3,17.3,ng/L,4,Y,17030715-02,537,33.85746227,-117.79209184
87,US1CAOR0021,33.8632,-117.7918,90.8,2017-03-28,0.0,,,,SAR-IMPERIAL-01,Perfluoro nonanoic acid,PFNA,2017-03-28,08:45:00,0.4,ND,ng/L,4,N,17030715-02,537,33.85746227,-117.79209184
88,US1CAOR0021,33.8632,-117.7918,90.8,2017-03-28,0.0,,,,SAR-IMPERIAL-01,Perfluoro octane sulfonic acid,PFOS,2017-03-28,08:45:00,13.2,13.2,ng/L,4,Y,17030715-02,537,33.85746227,-117.79209184
85,US1CAOR0021,33.8632,-117.7918,90.8,2017-03-28,0.0,,,,SAR-IMPERIAL-01,Perfluoro heptanoic acid,PFHpA,2017-03-28,08:45:00,5.8,5.8,ng/L,4,Y,17030715-02,537,33.85746227,-117.79209184
84,US1CAOR0021,33.8632,-117.7918,90.8,2017-03-28,0.0,,,,SAR-IMPERIAL-01,Perfluoro butane sulfonic acid,PFBS,2017-03-28,08:45:00,9.1,9.1,ng/L,4,Y,17030715-02,537,33.85746227,-117.79209184
86,US1CAOR0021,33.8632,-117.7918,90.8,2017-03-28,0.0,,,,SAR-IMPERIAL-01,Perfluoro hexane sulfonic acid,PFHxS,2017-03-28,08:45:00,8.0,8.0,ng/L,4,Y,17030715-02,537,33.85746227,-117.79209184
90,US1CAOR0021,33.8632,-117.7918,90.8,2017-04-11,0.0,,,,SAR-IMPERIAL-01,Perfluoro butane sulfonic acid,PFBS,2017-04-11,11:50:00,10.7,10.7,ng/L,4,Y,17040341-02,537,33.85746227,-117.79209184
91,US1CAOR0021,33.8632,-117.7918,90.8,2017-04-11,0.0,,,,SAR-IMPERIAL-01,Perfluoro heptanoic acid,PFHpA,2017-04-11,11:50:00,6.6,6.6,ng/L,4,Y,17040341-02,537,33.85746227,-117.79209184
92,US1CAOR0021,33.8632,-117.7918,90.8,2017-04-11,0.0,,,,SAR-IMPERIAL-01,Perfluoro hexane sulfonic acid,PFHxS,2017-04-11,11:50:00,8.7,8.7,ng/L,4,Y,17040341-02,537,33.85746227,-117.79209184
93,US1CAOR0021,33.8632,-117.7918,90.8,2017-04-11,0.0,,,,SAR-IMPERIAL-01,Perfluoro nonanoic acid,PFNA,2017-04-11,11:50:00,0.4,ND,ng/L,4,N,17040341-02,537,33.85746227,-117.79209184
94,US1CAOR0021,33.8632,-117.7918,90.8,2017-04-11,0.0,,,,SAR-IMPERIAL-01,Perfluoro octane sulfonic acid,PFOS,2017-04-11,11:50:00,16.2,16.2,ng/L,4,Y,17040341-02,537,33.85746227,-117.79209184
95,US1CAOR0021,33.8632,-117.7918,90.8,2017-04-11,0.0,,,,SAR-IMPERIAL-01,Perfluoro octanoic acid,PFOA,2017-04-11,11:50:00,20.6,20.6,ng/L,4,Y,17040341-02,537,33.85746227,-117.79209184
100,US1CAOR0021,33.8632,-117.7918,90.8,2017-04-24,0.0,,,,SAR-IMPERIAL-01,Perfluoro octane sulfonic acid,PFOS,2017-04-24,10:50:00,18.9,18.9,ng/L,4,Y,17040732-02,537,33.85746227,-117.79209184
96,US1CAOR0021,33.8632,-117.7918,90.8,2017-04-24,0.0,,,,SAR-IMPERIAL-01,Perfluoro butane sulfonic acid,PFBS,2017-04-24,10:50:00,12.6,12.6,ng/L,4,Y,17040732-02,537,33.85746227,-117.79209184
97,US1CAOR0021,33.8632,-117.7918,90.8,2017-04-24,0.0,,,,SAR-IMPERIAL-01,Perfluoro heptanoic acid,PFHpA,2017-04-24,10:50:00,5.6,5.6,ng/L,4,Y,17040732-02,537,33.85746227,-117.79209184
98,US1CAOR0021,33.8632,-117.7918,90.8,2017-04-24,0.0,,,,SAR-IMPERIAL-01,Perfluoro hexane sulfonic acid,PFHxS,2017-04-24,10:50:00,11.2,11.2,ng/L,4,Y,17040732-02,537,33.85746227,-117.79209184
99,US1CAOR0021,33.8632,-117.7918,90.8,2017-04-24,0.0,,,,SAR-IMPERIAL-01,Perfluoro nonanoic acid,PFNA,2017-04-24,10:50:00,0.4,ND,ng/L,4,N,17040732-02,537,33.85746227,-117.79209184
101,US1CAOR0021,33.8632,-117.7918,90.8,2017-04-24,0.0,,,,SAR-IMPERIAL-01,Perfluoro octanoic acid,PFOA,2017-04-24,10:50:00,22.2,22.2,ng/L,4,Y,17040732-02,537,33.85746227,-117.79209184
107,US1CAOR0021,33.8632,-117.7918,90.8,2017-04-25,0.0,,,,SAR-IMPERIAL-01,Perfluoro octanoic acid,PFOA,2017-04-25,14:15:00,23.3,23.3,ng/L,4,Y,17040815-02,537,33.85746227,-117.79209184
106,US1CAOR0021,33.8632,-117.7918,90.8,2017-04-25,0.0,,,,SAR-IMPERIAL-01,Perfluoro octane sulfonic acid,PFOS,2017-04-25,14:15:00,21.0,21.0,ng/L,4,Y,17040815-02,537,33.85746227,-117.79209184
105,US1CAOR0021,33.8632,-117.7918,90.8,2017-04-25,0.0,,,,SAR-IMPERIAL-01,Perfluoro nonanoic acid,PFNA,2017-04-25,14:15:00,0.4,ND,ng/L,4,N,17040815-02,537,33.85746227,-117.79209184
104,US1CAOR0021,33.8632,-117.7918,90.8,2017-04-25,0.0,,,,SAR-IMPERIAL-01,Perfluoro hexane sulfonic acid,PFHxS,2017-04-25,14:15:00,10.6,10.6,ng/L,4,Y,17040815-02,537,33.85746227,-117.79209184
103,US1CAOR0021,33.8632,-117.7918,90.8,2017-04-25,0.0,,,,SAR-IMPERIAL-01,Perfluoro heptanoic acid,PFHpA,2017-04-25,14:15:00,5.7,5.7,ng/L,4,Y,17040815-02,537,33.85746227,-117.79209184
102,US1CAOR0021,33.8632,-117.7918,90.8,2017-04-25,0.0,,,,SAR-IMPERIAL-01,Perfluoro butane sulfonic acid,PFBS,2017-04-25,14:15:00,12.1,12.1,ng/L,4,Y,17040815-02,537,33.85746227,-117.79209184
108,US1CAOR0021,33.8632,-117.7918,90.8,2017-05-09,0.0,,,,SAR-IMPERIAL-01,Perfluoro butane sulfonic acid,PFBS,2017-05-09,11:30:00,12.3,12.3,ng/L,4,Y,17050282-02,537,33.85746227,-117.79209184
109,US1CAOR0021,33.8632,-117.7918,90.8,2017-05-09,0.0,,,,SAR-IMPERIAL-01,Perfluoro heptanoic acid,PFHpA,2017-05-09,11:30:00,7.4,7.4,ng/L,4,Y,17050282-02,537,33.85746227,-117.79209184
110,US1CAOR0021,33.8632,-117.7918,90.8,2017-05-09,0.0,,,,SAR-IMPERIAL-01,Perfluoro hexane sulfonic acid,PFHxS,2017-05-09,11:30:00,9.8,9.8,ng/L,4,Y,17050282-02,537,33.85746227,-117.79209184
111,US1CAOR0021,33.8632,-117.7918,90.8,2017-05-09,0.0,,,,SAR-IMPERIAL-01,Perfluoro nonanoic acid,PFNA,2017-05-09,11:30:00,0.4,ND,ng/L,4,N,17050282-02,537,33.85746227,-117.79209184
112,US1CAOR0021,33.8632,-117.7918,90.8,2017-05-09,0.0,,,,SAR-IMPERIAL-01,Perfluoro octane sulfonic acid,PFOS,2017-05-09,11:30:00,20.6,20.6,ng/L,4,Y,17050282-02,537,33.85746227,-117.79209184
113,US1CAOR0021,33.8632,-117.7918,90.8,2017-05-09,0.0,,,,SAR-IMPERIAL-01,Perfluoro octanoic acid,PFOA,2017-05-09,11:30:00,27.5,27.5,ng/L,4,Y,17050282-02,537,33.85746227,-117.79209184
119,US1CAOR0021,33.8632,-117.7918,90.8,2017-05-22,0.0,,,,SAR-IMPERIAL-01,Perfluoro octanoic acid,PFOA,2017-05-22,12:05:00,22.2,22.2,ng/L,4,Y,17050689-02,537,33.85746227,-117.79209184
118,US1CAOR0021,33.8632,-117.7918,90.8,2017-05-22,0.0,,,,SAR-IMPERIAL-01,Perfluoro octane sulfonic acid,PFOS,2017-05-22,12:05:00,17.2,17.2,ng/L,4,Y,17050689-02,537,33.85746227,-117.79209184
117,US1CAOR0021,33.8632,-117.7918,90.8,2017-05-22,0.0,,,,SAR-IMPERIAL-01,Perfluoro nonanoic acid,PFNA,2017-05-22,12:05:00,0.4,ND,ng/L,4,N,17050689-02,537,33.85746227,-117.79209184
116,US1CAOR0021,33.8632,-117.7918,90.8,2017-05-22,0.0,,,,SAR-IMPERIAL-01,Perfluoro hexane sulfonic acid,PFHxS,2017-05-22,12:05:00,9.7,9.7,ng/L,4,Y,17050689-02,537,33.85746227,-117.79209184
115,US1CAOR0021,33.8632,-117.7918,90.8,2017-05-22,0.0,,,,SAR-IMPERIAL-01,Perfluoro heptanoic acid,PFHpA,2017-05-22,12:05:00,5.4,5.4,ng/L,4,Y,17050689-02,537,33.85746227,-117.79209184
114,US1CAOR0021,33.8632,-117.7918,90.8,2017-05-22,0.0,,,,SAR-IMPERIAL-01,Perfluoro butane sulfonic acid,PFBS,2017-05-22,12:05:00,11.9,11.9,ng/L,4,Y,17050689-02,537,33.85746227,-117.79209184
120,US1CAOR0021,33.8632,-117.7918,90.8,2017-06-06,0.0,,,,SAR-IMPERIAL-01,Perfluoro butane sulfonic acid,PFBS,2017-06-06,08:50:00,13.9,13.9,ng/L,4,Y,17060172-02,537,33.85746227,-117.79209184
121,US1CAOR0021,33.8632,-117.7918,90.8,2017-06-06,0.0,,,,SAR-IMPERIAL-01,Perfluoro heptanoic acid,PFHpA,2017-06-06,08:50:00,5.0,5.0,ng/L,4,Y,17060172-02,537,33.85746227,-117.79209184
122,US1CAOR0021,33.8632,-117.7918,90.8,2017-06-06,0.0,,,,SAR-IMPERIAL-01,Perfluoro hexane sulfonic acid,PFHxS,2017-06-06,08:50:00,10.3,10.3,ng/L,4,Y,17060172-02,537,33.85746227,-117.79209184
123,US1CAOR0021,33.8632,-117.7918,90.8,2017-06-06,0.0,,,,SAR-IMPERIAL-01,Perfluoro nonanoic acid,PFNA,2017-06-06,08:50:00,0.4,ND,ng/L,4,N,17060172-02,537,33.85746227,-117.79209184
124,US1CAOR0021,33.8632,-117.7918,90.8,2017-06-06,0.0,,,,SAR-IMPERIAL-01,Perfluoro octane sulfonic acid,PFOS,2017-06-06,08:50:00,17.0,17.0,ng/L,4,Y,17060172-02,537,33.85746227,-117.79209184
125,US1CAOR0021,33.8632,-117.7918,90.8,2017-06-06,0.0,,,,SAR-IMPERIAL-01,Perfluoro octanoic acid,PFOA,2017-06-06,08:50:00,22.5,22.5,ng/L,4,Y,17060172-02,537,33.85746227,-117.79209184
130,US1CAOR0021,33.8632,-117.7918,90.8,2017-06-21,0.0,,,,SAR-IMPERIAL-01,Perfluoro octane sulfonic acid,PFOS,2017-06-21,09:25:00,16.6,16.6,ng/L,4,Y,17060591-02,537,33.85746227,-117.79209184
129,US1CAOR0021,33.8632,-117.7918,90.8,2017-06-21,0.0,,,,SAR-IMPERIAL-01,Perfluoro nonanoic acid,PFNA,2017-06-21,09:25:00,0.4,ND,ng/L,4,N,17060591-02,537,33.85746227,-117.79209184
131,US1CAOR0021,33.8632,-117.7918,90.8,2017-06-21,0.0,,,,SAR-IMPERIAL-01,Perfluoro octanoic acid,PFOA,2017-06-21,09:25:00,22.0,22.0,ng/L,4,Y,17060591-02,537,33.85746227,-117.79209184
127,US1CAOR0021,33.8632,-117.7918,90.8,2017-06-21,0.0,,,,SAR-IMPERIAL-01,Perfluoro heptanoic acid,PFHpA,2017-06-21,09:25:00,5.1,5.1,ng/L,4,Y,17060591-02,537,33.85746227,-117.79209184
126,US1CAOR0021,33.8632,-117.7918,90.8,2017-06-21,0.0,,,,SAR-IMPERIAL-01,Perfluoro butane sulfonic acid,PFBS,2017-06-21,09:25:00,11.4,11.4,ng/L,4,Y,17060591-02,537,33.85746227,-117.79209184
128,US1CAOR0021,33.8632,-117.7918,90.8,2017-06-21,0.0,,,,SAR-IMPERIAL-01,Perfluoro hexane sulfonic acid,PFHxS,2017-06-21,09:25:00,10.3,10.3,ng/L,4,Y,17060591-02,537,33.85746227,-117.79209184
132,US1CAOR0021,33.8632,-117.7918,90.8,2017-06-28,0.0,,,,SAR-IMPERIAL-01,Perfluoro butane sulfonic acid,PFBS,2017-06-28,09:20:00,12.4,12.4,ng/L,4,Y,17060805-02,537,33.85746227,-117.79209184
133,US1CAOR0021,33.8632,-117.7918,90.8,2017-06-28,0.0,,,,SAR-IMPERIAL-01,Perfluoro heptanoic acid,PFHpA,2017-06-28,09:20:00,4.6,4.6,ng/L,4,Y,17060805-02,537,33.85746227,-117.79209184
134,US1CAOR0021,33.8632,-117.7918,90.8,2017-06-28,0.0,,,,SAR-IMPERIAL-01,Perfluoro hexane sulfonic acid,PFHxS,2017-06-28,09:20:00,10.8,10.8,ng/L,4,Y,17060805-02,537,33.85746227,-117.79209184
135,US1CAOR0021,33.8632,-117.7918,90.8,2017-06-28,0.0,,,,SAR-IMPERIAL-01,Perfluoro nonanoic acid,PFNA,2017-06-28,09:20:00,0.4,ND,ng/L,4,N,17060805-02,537,33.85746227,-117.79209184
136,US1CAOR0021,33.8632,-117.7918,90.8,2017-06-28,0.0,,,,SAR-IMPERIAL-01,Perfluoro octane sulfonic acid,PFOS,2017-06-28,09:20:00,15.8,15.8,ng/L,4,Y,17060805-02,537,33.85746227,-117.79209184
137,US1CAOR0021,33.8632,-117.7918,90.8,2017-06-28,0.0,,,,SAR-IMPERIAL-01,Perfluoro octanoic acid,PFOA,2017-06-28,09:20:00,21.7,21.7,ng/L,4,Y,17060805-02,537,33.85746227,-117.79209184
142,US1CAOR0021,33.8632,-117.7918,90.8,2017-07-18,0.0,,,,SAR-IMPERIAL-01,Perfluoro octane sulfonic acid,PFOS,2017-07-18,12:10:00,15.4,15.4,ng/L,4,Y,17070563-02,537,33.85746227,-117.79209184
141,US1CAOR0021,33.8632,-117.7918,90.8,2017-07-18,0.0,,,,SAR-IMPERIAL-01,Perfluoro nonanoic acid,PFNA,2017-07-18,12:10:00,0.4,ND,ng/L,4,N,17070563-02,537,33.85746227,-117.79209184
143,US1CAOR0021,33.8632,-117.7918,90.8,2017-07-18,0.0,,,,SAR-IMPERIAL-01,Perfluoro octanoic acid,PFOA,2017-07-18,12:10:00,21.1,21.1,ng/L,4,Y,17070563-02,537,33.85746227,-117.79209184
139,US1CAOR0021,33.8632,-117.7918,90.8,2017-07-18,0.0,,,,SAR-IMPERIAL-01,Perfluoro heptanoic acid,PFHpA,2017-07-18,12:10:00,5.5,5.5,ng/L,4,Y,17070563-02,537,33.85746227,-117.79209184
138,US1CAOR0021,33.8632,-117.7918,90.8,2017-07-18,0.0,,,,SAR-IMPERIAL-01,Perfluoro butane sulfonic acid,PFBS,2017-07-18,12:10:00,11.9,11.9,ng/L,4,Y,17070563-02,537,33.85746227,-117.79209184
140,US1CAOR0021,33.8632,-117.7918,90.8,2017-07-18,0.0,,,,SAR-IMPERIAL-01,Perfluoro hexane sulfonic acid,PFHxS,2017-07-18,12:10:00,9.5,9.5,ng/L,4,Y,17070563-02,537,33.85746227,-117.79209184
148,US1CAOR0021,33.8632,-117.7918,90.8,2017-08-01,0.0,,,,SAR-IMPERIAL-01,Perfluoro octane sulfonic acid,PFOS,2017-08-01,13:00:00,18.0,18.0,ng/L,4,Y,17080025-02,537,33.85746227,-117.79209184
147,US1CAOR0021,33.8632,-117.7918,90.8,2017-08-01,0.0,,,,SAR-IMPERIAL-01,Perfluoro nonanoic acid,PFNA,2017-08-01,13:00:00,0.4,ND,ng/L,4,N,17080025-02,537,33.85746227,-117.79209184
149,US1CAOR0021,33.8632,-117.7918,90.8,2017-08-01,0.0,,,,SAR-IMPERIAL-01,Perfluoro octanoic acid,PFOA,2017-08-01,13:00:00,23.9,23.9,ng/L,4,Y,17080025-02,537,33.85746227,-117.79209184
145,US1CAOR0021,33.8632,-117.7918,90.8,2017-08-01,0.0,,,,SAR-IMPERIAL-01,Perfluoro heptanoic acid,PFHpA,2017-08-01,13:00:00,5.6,5.6,ng/L,4,Y,17080025-02,537,33.85746227,-117.79209184
144,US1CAOR0021,33.8632,-117.7918,90.8,2017-08-01,0.0,,,,SAR-IMPERIAL-01,Perfluoro butane sulfonic acid,PFBS,2017-08-01,13:00:00,13.3,13.3,ng/L,4,Y,17080025-02,537,33.85746227,-117.79209184
146,US1CAOR0021,33.8632,-117.7918,90.8,2017-08-01,0.0,,,,SAR-IMPERIAL-01,Perfluoro hexane sulfonic acid,PFHxS,2017-08-01,13:00:00,11.0,11.0,ng/L,4,Y,17080025-02,537,33.85746227,-117.79209184
150,US1CAOR0021,33.8632,-117.7918,90.8,2017-08-29,0.0,,,,SAR-IMPERIAL-01,Perfluoro butane sulfonic acid,PFBS,2017-08-29,10:10:00,11.0,11.0,ng/L,4,Y,17080783-02,537,33.85746227,-117.79209184
151,US1CAOR0021,33.8632,-117.7918,90.8,2017-08-29,0.0,,,,SAR-IMPERIAL-01,Perfluoro heptanoic acid,PFHpA,2017-08-29,10:10:00,5.0,5.0,ng/L,4,Y,17080783-02,537,33.85746227,-117.79209184
152,US1CAOR0021,33.8632,-117.7918,90.8,2017-08-29,0.0,,,,SAR-IMPERIAL-01,Perfluoro hexane sulfonic acid,PFHxS,2017-08-29,10:10:00,8.6,8.6,ng/L,4,Y,17080783-02,537,33.85746227,-117.79209184
153,US1CAOR0021,33.8632,-117.7918,90.8,2017-08-29,0.0,,,,SAR-IMPERIAL-01,Perfluoro nonanoic acid,PFNA,2017-08-29,10:10:00,0.4,ND,ng/L,4,N,17080783-02,537,33.85746227,-117.79209184
154,US1CAOR0021,33.8632,-117.7918,90.8,2017-08-29,0.0,,,,SAR-IMPERIAL-01,Perfluoro octane sulfonic acid,PFOS,2017-08-29,10:10:00,14.6,14.6,ng/L,4,Y,17080783-02,537,33.85746227,-117.79209184
155,US1CAOR0021,33.8632,-117.7918,90.8,2017-08-29,0.0,,,,SAR-IMPERIAL-01,Perfluoro octanoic acid,PFOA,2017-08-29,10:10:00,21.8,21.8,ng/L,4,Y,17080783-02,537,33.85746227,-117.79209184
160,US1CAOR0021,33.8632,-117.7918,90.8,2017-09-29,0.0,,,,SAR-IMPERIAL-01,Perfluoro octane sulfonic acid,PFOS,2017-09-29,10:30:00,16.2,16.2,ng/L,4,Y,17090751-02,537,33.85746227,-117.79209184
161,US1CAOR0021,33.8632,-117.7918,90.8,2017-09-29,0.0,,,,SAR-IMPERIAL-01,Perfluoro octanoic acid,PFOA,2017-09-29,10:30:00,21.0,21.0,ng/L,4,Y,17090751-02,537,33.85746227,-117.79209184
158,US1CAOR0021,33.8632,-117.7918,90.8,2017-09-29,0.0,,,,SAR-IMPERIAL-01,Perfluoro hexane sulfonic acid,PFHxS,2017-09-29,10:30:00,9.0,9.0,ng/L,4,Y,17090751-02,537,33.85746227,-117.79209184
157,US1CAOR0021,33.8632,-117.7918,90.8,2017-09-29,0.0,,,,SAR-IMPERIAL-01,Perfluoro heptanoic acid,PFHpA,2017-09-29,10:30:00,5.4,5.4,ng/L,4,Y,17090751-02,537,33.85746227,-117.79209184
156,US1CAOR0021,33.8632,-117.7918,90.8,2017-09-29,0.0,,,,SAR-IMPERIAL-01,Perfluoro butane sulfonic acid,PFBS,2017-09-29,10:30:00,12.2,12.2,ng/L,4,Y,17090751-02,537,33.85746227,-117.79209184
159,US1CAOR0021,33.8632,-117.7918,90.8,2017-09-29,0.0,,,,SAR-IMPERIAL-01,Perfluoro nonanoic acid,PFNA,2017-09-29,10:30:00,0.4,ND,ng/L,4,N,17090751-02,537,33.85746227,-117.79209184
162,US1CAOR0021,33.8632,-117.7918,90.8,2017-10-11,0.0,,,,SAR-IMPERIAL-01,Perfluoro butane sulfonic acid,PFBS,2017-10-11,12:40:00,11.5,11.5,ng/L,4,Y,17100389-02,537,33.85746227,-117.79209184
163,US1CAOR0021,33.8632,-117.7918,90.8,2017-10-11,0.0,,,,SAR-IMPERIAL-01,Perfluoro heptanoic acid,PFHpA,2017-10-11,12:40:00,5.3,5.3,ng/L,4,Y,17100389-02,537,33.85746227,-117.79209184
164,US1CAOR0021,33.8632,-117.7918,90.8,2017-10-11,0.0,,,,SAR-IMPERIAL-01,Perfluoro hexane sulfonic acid,PFHxS,2017-10-11,12:40:00,8.5,8.5,ng/L,4,Y,17100389-02,537,33.85746227,-117.79209184
165,US1CAOR0021,33.8632,-117.7918,90.8,2017-10-11,0.0,,,,SAR-IMPERIAL-01,Perfluoro nonanoic acid,PFNA,2017-10-11,12:40:00,0.4,ND,ng/L,4,N,17100389-02,537,33.85746227,-117.79209184
166,US1CAOR0021,33.8632,-117.7918,90.8,2017-10-11,0.0,,,,SAR-IMPERIAL-01,Perfluoro octane sulfonic acid,PFOS,2017-10-11,12:40:00,14.0,14.0,ng/L,4,Y,17100389-02,537,33.85746227,-117.79209184
167,US1CAOR0021,33.8632,-117.7918,90.8,2017-10-11,0.0,,,,SAR-IMPERIAL-01,Perfluoro octanoic acid,PFOA,2017-10-11,12:40:00,25.6,25.6,ng/L,4,Y,17100389-02,537,33.85746227,-117.79209184
171,US1CAOR0021,33.8632,-117.7918,90.8,2017-11-08,0.0,,,,SAR-IMPERIAL-01,Perfluoro nonanoic acid,PFNA,2017-11-08,10:20:00,0.4,ND,ng/L,4,N,17110223-02,537,33.85746227,-117.79209184
173,US1CAOR0021,33.8632,-117.7918,90.8,2017-11-08,0.0,,,,SAR-IMPERIAL-01,Perfluoro octanoic acid,PFOA,2017-11-08,10:20:00,20.9,20.9,ng/L,4,Y,17110223-02,537,33.85746227,-117.79209184
172,US1CAOR0021,33.8632,-117.7918,90.8,2017-11-08,0.0,,,,SAR-IMPERIAL-01,Perfluoro octane sulfonic acid,PFOS,2017-11-08,10:20:00,16.0,16.0,ng/L,4,Y,17110223-02,537,33.85746227,-117.79209184
169,US1CAOR0021,33.8632,-117.7918,90.8,2017-11-08,0.0,,,,SAR-IMPERIAL-01,Perfluoro heptanoic acid,PFHpA,2017-11-08,10:20:00,5.3,5.3,ng/L,4,Y,17110223-02,537,33.85746227,-117.79209184
168,US1CAOR0021,33.8632,-117.7918,90.8,2017-11-08,0.0,,,,SAR-IMPERIAL-01,Perfluoro butane sulfonic acid,PFBS,2017-11-08,10:20:00,11.3,11.3,ng/L,4,Y,17110223-02,537,33.85746227,-117.79209184
170,US1CAOR0021,33.8632,-117.7918,90.8,2017-11-08,0.0,,,,SAR-IMPERIAL-01,Perfluoro hexane sulfonic acid,PFHxS,2017-11-08,10:20:00,8.8,8.8,ng/L,4,Y,17110223-02,537,33.85746227,-117.79209184
178,US1CAOR0021,33.8632,-117.7918,90.8,2017-11-20,0.0,,,,SAR-IMPERIAL-01,Perfluoro octane sulfonic acid,PFOS,2017-11-20,11:40:00,11.8,11.8,ng/L,4,Y,17110511-02,537,33.85746227,-117.79209184
174,US1CAOR0021,33.8632,-117.7918,90.8,2017-11-20,0.0,,,,SAR-IMPERIAL-01,Perfluoro butane sulfonic acid,PFBS,2017-11-20,11:40:00,8.7,8.7,ng/L,4,Y,17110511-02,537,33.85746227,-117.79209184
175,US1CAOR0021,33.8632,-117.7918,90.8,2017-11-20,0.0,,,,SAR-IMPERIAL-01,Perfluoro heptanoic acid,PFHpA,2017-11-20,11:40:00,0.4,ND,ng/L,4,N,17110511-02,537,33.85746227,-117.79209184
176,US1CAOR0021,33.8632,-117.7918,90.8,2017-11-20,0.0,,,,SAR-IMPERIAL-01,Perfluoro hexane sulfonic acid,PFHxS,2017-11-20,11:40:00,7.0,7.0,ng/L,4,Y,17110511-02,537,33.85746227,-117.79209184
177,US1CAOR0021,33.8632,-117.7918,90.8,2017-11-20,0.0,,,,SAR-IMPERIAL-01,Perfluoro nonanoic acid,PFNA,2017-11-20,11:40:00,0.4,ND,ng/L,4,N,17110511-02,537,33.85746227,-117.79209184
179,US1CAOR0021,33.8632,-117.7918,90.8,2017-11-20,0.0,,,,SAR-IMPERIAL-01,Perfluoro octanoic acid,PFOA,2017-11-20,11:40:00,16.4,16.4,ng/L,4,Y,17110511-02,537,33.85746227,-117.79209184
184,US1CAOR0021,33.8632,-117.7918,90.8,2018-01-09,1.46,,,,SAR-IMPERIAL-01,Perfluoro octane sulfonic acid,PFOS,2018-01-09,13:30:00,27.7,27.7,ng/L,4,Y,18010222-02,537,33.85746227,-117.79209184
185,US1CAOR0021,33.8632,-117.7918,90.8,2018-01-09,1.46,,,,SAR-IMPERIAL-01,Perfluoro octanoic acid,PFOA,2018-01-09,13:30:00,30.2,30.2,ng/L,4,Y,18010222-02,537,33.85746227,-117.79209184
183,US1CAOR0021,33.8632,-117.7918,90.8,2018-01-09,1.46,,,,SAR-IMPERIAL-01,Perfluoro nonanoic acid,PFNA,2018-01-09,13:30:00,6.5,6.5,ng/L,4,Y,18010222-02,537,33.85746227,-117.79209184
181,US1CAOR0021,33.8632,-117.7918,90.8,2018-01-09,1.46,,,,SAR-IMPERIAL-01,Perfluoro heptanoic acid,PFHpA,2018-01-09,13:30:00,9.7,9.7,ng/L,4,Y,18010222-02,537,33.85746227,-117.79209184
180,US1CAOR0021,33.8632,-117.7918,90.8,2018-01-09,1.46,,,,SAR-IMPERIAL-01,Perfluoro butane sulfonic acid,PFBS,2018-01-09,13:30:00,8.9,8.9,ng/L,4,Y,18010222-02,537,33.85746227,-117.79209184
182,US1CAOR0021,33.8632,-117.7918,90.8,2018-01-09,1.46,,,,SAR-IMPERIAL-01,Perfluoro hexane sulfonic acid,PFHxS,2018-01-09,13:30:00,5.6,5.6,ng/L,4,Y,18010222-02,537,33.85746227,-117.79209184
186,US1CAOR0021,33.8632,-117.7918,90.8,2018-01-10,0.3,,,,SAR-IMPERIAL-01,Perfluoro butane sulfonic acid,PFBS,2018-01-10,09:20:00,9.0,9.0,ng/L,4,Y,18010262-02,537,33.85746227,-117.79209184
187,US1CAOR0021,33.8632,-117.7918,90.8,2018-01-10,0.3,,,,SAR-IMPERIAL-01,Perfluoro heptanoic acid,PFHpA,2018-01-10,09:20:00,8.9,8.9,ng/L,4,Y,18010262-02,537,33.85746227,-117.79209184
188,US1CAOR0021,33.8632,-117.7918,90.8,2018-01-10,0.3,,,,SAR-IMPERIAL-01,Perfluoro hexane sulfonic acid,PFHxS,2018-01-10,09:20:00,4.9,4.9,ng/L,4,Y,18010262-02,537,33.85746227,-117.79209184
189,US1CAOR0021,33.8632,-117.7918,90.8,2018-01-10,0.3,,,,SAR-IMPERIAL-01,Perfluoro nonanoic acid,PFNA,2018-01-10,09:20:00,4.4,4.4,ng/L,4,Y,18010262-02,537,33.85746227,-117.79209184
190,US1CAOR0021,33.8632,-117.7918,90.8,2018-01-10,0.3,,,,SAR-IMPERIAL-01,Perfluoro octane sulfonic acid,PFOS,2018-01-10,09:20:00,20.9,20.9,ng/L,4,Y,18010262-02,537,33.85746227,-117.79209184
191,US1CAOR0021,33.8632,-117.7918,90.8,2018-01-10,0.3,,,,SAR-IMPERIAL-01,Perfluoro octanoic acid,PFOA,2018-01-10,09:20:00,23.2,23.2,ng/L,4,Y,18010262-02,537,33.85746227,-117.79209184
193,US1CAOR0021,33.8632,-117.7918,90.8,2018-02-21,0.0,,,,SAR-IMPERIAL-01,Perfluoro heptanoic acid,PFHpA,2018-02-21,12:55:00,6.0,6.0,ng/L,4,Y,18020589-02,537,33.85746227,-117.79209184
192,US1CAOR0021,33.8632,-117.7918,90.8,2018-02-21,0.0,,,,SAR-IMPERIAL-01,Perfluoro butane sulfonic acid,PFBS,2018-02-21,12:55:00,14.5,14.5,ng/L,4,Y,18020589-02,537,33.85746227,-117.79209184
194,US1CAOR0021,33.8632,-117.7918,90.8,2018-02-21,0.0,,,,SAR-IMPERIAL-01,Perfluoro hexane sulfonic acid,PFHxS,2018-02-21,12:55:00,11.0,11.0,ng/L,4,Y,18020589-02,537,33.85746227,-117.79209184
195,US1CAOR0021,33.8632,-117.7918,90.8,2018-02-21,0.0,,,,SAR-IMPERIAL-01,Perfluoro nonanoic acid,PFNA,2018-02-21,12:55:00,0.4,ND,ng/L,4,N,18020589-02,537,33.85746227,-117.79209184
196,US1CAOR0021,33.8632,-117.7918,90.8,2018-02-21,0.0,,,,SAR-IMPERIAL-01,Perfluoro octane sulfonic acid,PFOS,2018-02-21,12:55:00,20.4,20.4,ng/L,4,Y,18020589-02,537,33.85746227,-117.79209184
197,US1CAOR0021,33.8632,-117.7918,90.8,2018-02-21,0.0,,,,SAR-IMPERIAL-01,Perfluoro octanoic acid,PFOA,2018-02-21,12:55:00,23.1,23.1,ng/L,4,Y,18020589-02,537,33.85746227,-117.79209184
205,US1CAOR0021,33.8632,-117.7918,90.8,2018-03-06,0.0,,,,SAR-IMPERIAL-01,Perfluoro nonanoic acid,PFNA,2018-03-06,12:30:00,0.4,ND,ng/L,4,N,18030133-02,537,33.85746227,-117.79209184
204,US1CAOR0021,33.8632,-117.7918,90.8,2018-03-06,0.0,,,,SAR-IMPERIAL-01,Perfluoro nonanoic acid,PFNA,2018-03-06,12:30:00,2.2,2.2,ng/L,2,Y,440-205458-1,537MOD,33.85746227,-117.79209184
207,US1CAOR0021,33.8632,-117.7918,90.8,2018-03-06,0.0,,,,SAR-IMPERIAL-01,Perfluoro octane sulfonic acid,PFOS,2018-03-06,12:30:00,17.9,17.9,ng/L,4,Y,18030133-02,537,33.85746227,-117.79209184
206,US1CAOR0021,33.8632,-117.7918,90.8,2018-03-06,0.0,,,,SAR-IMPERIAL-01,Perfluoro octane sulfonic acid,PFOS,2018-03-06,12:30:00,21.0,21,ng/L,2,Y,440-205458-1,537MOD,33.85746227,-117.79209184
203,US1CAOR0021,33.8632,-117.7918,90.8,2018-03-06,0.0,,,,SAR-IMPERIAL-01,Perfluoro hexane sulfonic acid,PFHxS,2018-03-06,12:30:00,8.5,8.5,ng/L,4,Y,18030133-02,537,33.85746227,-117.79209184
208,US1CAOR0021,33.8632,-117.7918,90.8,2018-03-06,0.0,,,,SAR-IMPERIAL-01,Perfluoro octanoic acid,PFOA,2018-03-06,12:30:00,20.9,20.9,ng/L,4,Y,18030133-02,537,33.85746227,-117.79209184
201,US1CAOR0021,33.8632,-117.7918,90.8,2018-03-06,0.0,,,,SAR-IMPERIAL-01,Perfluoro heptanoic acid,PFHpA,2018-03-06,12:30:00,5.5,5.5,ng/L,4,Y,18030133-02,537,33.85746227,-117.79209184
200,US1CAOR0021,33.8632,-117.7918,90.8,2018-03-06,0.0,,,,SAR-IMPERIAL-01,Perfluoro heptanoic acid,PFHpA,2018-03-06,12:30:00,5.7,5.7,ng/L,2,Y,440-205458-1,537MOD,33.85746227,-117.79209184
199,US1CAOR0021,33.8632,-117.7918,90.8,2018-03-06,0.0,,,,SAR-IMPERIAL-01,Perfluoro butane sulfonic acid,PFBS,2018-03-06,12:30:00,10.7,10.7,ng/L,4,Y,18030133-02,537,33.85746227,-117.79209184
198,US1CAOR0021,33.8632,-117.7918,90.8,2018-03-06,0.0,,,,SAR-IMPERIAL-01,Perfluoro butane sulfonic acid,PFBS,2018-03-06,12:30:00,8.9,8.9,ng/L,2,Y,440-205458-1,537MOD,33.85746227,-117.79209184
202,US1CAOR0021,33.8632,-117.7918,90.8,2018-03-06,0.0,,,,SAR-IMPERIAL-01,Perfluoro hexane sulfonic acid,PFHxS,2018-03-06,12:30:00,9.8,9.8,ng/L,2,Y,440-205458-1,537MOD,33.85746227,-117.79209184
209,US1CAOR0021,33.8632,-117.7918,90.8,2018-03-06,0.0,,,,SAR-IMPERIAL-01,Perfluoro octanoic acid,PFOA,2018-03-06,12:30:00,21.0,21,ng/L,2,Y,440-205458-1,537MOD,33.85746227,-117.79209184
215,US1CAOR0021,33.8632,-117.7918,90.8,2018-04-25,0.0,,,,SAR-IMPERIAL-01,Perfluoro octanoic acid,PFOA,2018-04-25,10:00:00,23.0,23.0,ng/L,4,Y,18040717-02,537,33.85746227,-117.79209184
214,US1CAOR0021,33.8632,-117.7918,90.8,2018-04-25,0.0,,,,SAR-IMPERIAL-01,Perfluoro octane sulfonic acid,PFOS,2018-04-25,10:00:00,16.7,16.7,ng/L,4,Y,18040717-02,537,33.85746227,-117.79209184
213,US1CAOR0021,33.8632,-117.7918,90.8,2018-04-25,0.0,,,,SAR-IMPERIAL-01,Perfluoro nonanoic acid,PFNA,2018-04-25,10:00:00,0.4,ND,ng/L,4,N,18040717-02,537,33.85746227,-117.79209184
212,US1CAOR0021,33.8632,-117.7918,90.8,2018-04-25,0.0,,,,SAR-IMPERIAL-01,Perfluoro hexane sulfonic acid,PFHxS,2018-04-25,10:00:00,7.5,7.5,ng/L,4,Y,18040717-02,537,33.85746227,-117.79209184
211,US1CAOR0021,33.8632,-117.7918,90.8,2018-04-25,0.0,,,,SAR-IMPERIAL-01,Perfluoro heptanoic acid,PFHpA,2018-04-25,10:00:00,5.2,5.2,ng/L,4,Y,18040717-02,537,33.85746227,-117.79209184
210,US1CAOR0021,33.8632,-117.7918,90.8,2018-04-25,0.0,,,,SAR-IMPERIAL-01,Perfluoro butane sulfonic acid,PFBS,2018-04-25,10:00:00,10.7,10.7,ng/L,4,Y,18040717-02,537,33.85746227,-117.79209184
228,US1CAOR0021,33.8632,-117.7918,90.8,2018-05-22,0.0,,,,SAR-IMPERIAL-01,Perfluoroundecanoic acid,PFUnA,2018-05-22,14:05:00,0.4,ND,ng/L,4,N,18050579-02,537,33.85746227,-117.79209184
227,US1CAOR0021,33.8632,-117.7918,90.8,2018-05-22,0.0,,,,SAR-IMPERIAL-01,Perfluorotridecanoic acid,PFTrDA,2018-05-22,14:05:00,0.4,ND,ng/L,4,N,18050579-02,537,33.85746227,-117.79209184
225,US1CAOR0021,33.8632,-117.7918,90.8,2018-05-22,0.0,,,,SAR-IMPERIAL-01,Perfluorohexanoic acid,PFHxA,2018-05-22,14:05:00,24.9,24.9,ng/L,4,Y,18050579-02,537,33.85746227,-117.79209184
224,US1CAOR0021,33.8632,-117.7918,90.8,2018-05-22,0.0,,,,SAR-IMPERIAL-01,Perfluorododecanoic acid,PFDoA,2018-05-22,14:05:00,0.4,ND,ng/L,4,N,18050579-02,537,33.85746227,-117.79209184
223,US1CAOR0021,33.8632,-117.7918,90.8,2018-05-22,0.0,,,,SAR-IMPERIAL-01,Perfluorodecanoic acid,PFDA,2018-05-22,14:05:00,0.4,ND,ng/L,4,N,18050579-02,537,33.85746227,-117.79209184
222,US1CAOR0021,33.8632,-117.7918,90.8,2018-05-22,0.0,,,,SAR-IMPERIAL-01,Perfluoro-2-propoxypropanoic acid,GenX,2018-05-22,14:05:00,0.4,ND,ng/L,4,N,18050579-02,537,33.85746227,-117.79209184
226,US1CAOR0021,33.8632,-117.7918,90.8,2018-05-22,0.0,,,,SAR-IMPERIAL-01,Perfluorotetradecanoic acid,PFTA,2018-05-22,14:05:00,0.4,ND,ng/L,4,N,18050579-02,537,33.85746227,-117.79209184
220,US1CAOR0021,33.8632,-117.7918,90.8,2018-05-22,0.0,,,,SAR-IMPERIAL-01,Perfluoro octane sulfonic acid,PFOS,2018-05-22,14:05:00,18.1,18.1,ng/L,4,Y,18050579-02,537,33.85746227,-117.79209184
219,US1CAOR0021,33.8632,-117.7918,90.8,2018-05-22,0.0,,,,SAR-IMPERIAL-01,Perfluoro nonanoic acid,PFNA,2018-05-22,14:05:00,0.4,ND,ng/L,4,N,18050579-02,537,33.85746227,-117.79209184
218,US1CAOR0021,33.8632,-117.7918,90.8,2018-05-22,0.0,,,,SAR-IMPERIAL-01,Perfluoro hexane sulfonic acid,PFHxS,2018-05-22,14:05:00,7.6,7.6,ng/L,4,Y,18050579-02,537,33.85746227,-117.79209184
217,US1CAOR0021,33.8632,-117.7918,90.8,2018-05-22,0.0,,,,SAR-IMPERIAL-01,Perfluoro heptanoic acid,PFHpA,2018-05-22,14:05:00,4.6,4.6,ng/L,4,Y,18050579-02,537,33.85746227,-117.79209184
216,US1CAOR0021,33.8632,-117.7918,90.8,2018-05-22,0.0,,,,SAR-IMPERIAL-01,Perfluoro butane sulfonic acid,PFBS,2018-05-22,14:05:00,10.9,10.9,ng/L,4,Y,18050579-02,537,33.85746227,-117.79209184
221,US1CAOR0021,33.8632,-117.7918,90.8,2018-05-22,0.0,,,,SAR-IMPERIAL-01,Perfluoro octanoic acid,PFOA,2018-05-22,14:05:00,19.9,19.9,ng/L,4,Y,18050579-02,537,33.85746227,-117.79209184
234,US1CAOR0021,33.8632,-117.7918,90.8,2018-06-05,0.0,,,,SAR-IMPERIAL-01,Perfluoro octanoic acid,PFOA,2018-06-05,11:55:00,27.1,27.1,ng/L,4,Y,18060104-02,537,33.85746227,-117.79209184
233,US1CAOR0021,33.8632,-117.7918,90.8,2018-06-05,0.0,,,,SAR-IMPERIAL-01,Perfluoro octane sulfonic acid,PFOS,2018-06-05,11:55:00,22.0,22.0,ng/L,4,Y,18060104-02,537,33.85746227,-117.79209184
232,US1CAOR0021,33.8632,-117.7918,90.8,2018-06-05,0.0,,,,SAR-IMPERIAL-01,Perfluoro nonanoic acid,PFNA,2018-06-05,11:55:00,0.4,ND,ng/L,4,N,18060104-02,537,33.85746227,-117.79209184
231,US1CAOR0021,33.8632,-117.7918,90.8,2018-06-05,0.0,,,,SAR-IMPERIAL-01,Perfluoro hexane sulfonic acid,PFHxS,2018-06-05,11:55:00,12.5,12.5,ng/L,4,Y,18060104-02,537,33.85746227,-117.79209184
229,US1CAOR0021,33.8632,-117.7918,90.8,2018-06-05,0.0,,,,SAR-IMPERIAL-01,Perfluoro butane sulfonic acid,PFBS,2018-06-05,11:55:00,14.8,14.8,ng/L,4,Y,18060104-02,537,33.85746227,-117.79209184
230,US1CAOR0021,33.8632,-117.7918,90.8,2018-06-05,0.0,,,,SAR-IMPERIAL-01,Perfluoro heptanoic acid,PFHpA,2018-06-05,11:55:00,6.2,6.2,ng/L,4,Y,18060104-02,537,33.85746227,-117.79209184
243,US1CAOR0021,33.8632,-117.7918,90.8,2018-07-23,0.0,,,,SAR-IMPERIAL-01,Perfluorododecanoic acid,PFDoA,2018-07-23,10:25:00,0.4,ND,ng/L,4,N,18070599-02,537,33.85746227,-117.79209184
247,US1CAOR0021,33.8632,-117.7918,90.8,2018-07-23,0.0,,,,SAR-IMPERIAL-01,Perfluoroundecanoic acid,PFUnA,2018-07-23,10:25:00,0.4,ND,ng/L,4,N,18070599-02,537,33.85746227,-117.79209184
246,US1CAOR0021,33.8632,-117.7918,90.8,2018-07-23,0.0,,,,SAR-IMPERIAL-01,Perfluorotridecanoic acid,PFTrDA,2018-07-23,10:25:00,0.4,ND,ng/L,4,N,18070599-02,537,33.85746227,-117.79209184
245,US1CAOR0021,33.8632,-117.7918,90.8,2018-07-23,0.0,,,,SAR-IMPERIAL-01,Perfluorotetradecanoic acid,PFTA,2018-07-23,10:25:00,0.4,ND,ng/L,4,N,18070599-02,537,33.85746227,-117.79209184
244,US1CAOR0021,33.8632,-117.7918,90.8,2018-07-23,0.0,,,,SAR-IMPERIAL-01,Perfluorohexanoic acid,PFHxA,2018-07-23,10:25:00,20.1,20.1,ng/L,4,Y,18070599-02,537,33.85746227,-117.79209184
242,US1CAOR0021,33.8632,-117.7918,90.8,2018-07-23,0.0,,,,SAR-IMPERIAL-01,Perfluorodecanoic acid,PFDA,2018-07-23,10:25:00,0.4,ND,ng/L,4,N,18070599-02,537,33.85746227,-117.79209184
239,US1CAOR0021,33.8632,-117.7918,90.8,2018-07-23,0.0,,,,SAR-IMPERIAL-01,Perfluoro octane sulfonic acid,PFOS,2018-07-23,10:25:00,16.5,16.5,ng/L,4,Y,18070599-02,537,33.85746227,-117.79209184
240,US1CAOR0021,33.8632,-117.7918,90.8,2018-07-23,0.0,,,,SAR-IMPERIAL-01,Perfluoro octanoic acid,PFOA,2018-07-23,10:25:00,20.8,20.8,ng/L,4,Y,18070599-02,537,33.85746227,-117.79209184
238,US1CAOR0021,33.8632,-117.7918,90.8,2018-07-23,0.0,,,,SAR-IMPERIAL-01,Perfluoro nonanoic acid,PFNA,2018-07-23,10:25:00,0.4,ND,ng/L,4,N,18070599-02,537,33.85746227,-117.79209184
237,US1CAOR0021,33.8632,-117.7918,90.8,2018-07-23,0.0,,,,SAR-IMPERIAL-01,Perfluoro hexane sulfonic acid,PFHxS,2018-07-23,10:25:00,7.0,7.0,ng/L,4,Y,18070599-02,537,33.85746227,-117.79209184
236,US1CAOR0021,33.8632,-117.7918,90.8,2018-07-23,0.0,,,,SAR-IMPERIAL-01,Perfluoro heptanoic acid,PFHpA,2018-07-23,10:25:00,4.9,4.9,ng/L,4,Y,18070599-02,537,33.85746227,-117.79209184
235,US1CAOR0021,33.8632,-117.7918,90.8,2018-07-23,0.0,,,,SAR-IMPERIAL-01,Perfluoro butane sulfonic acid,PFBS,2018-07-23,10:25:00,11.4,11.4,ng/L,4,Y,18070599-02,537,33.85746227,-117.79209184
241,US1CAOR0021,33.8632,-117.7918,90.8,2018-07-23,0.0,,,,SAR-IMPERIAL-01,Perfluoro-2-propoxypropanoic acid,GenX,2018-07-23,10:25:00,0.4,ND,ng/L,4,N,18070599-02,537,33.85746227,-117.79209184
260,US1CAOR0021,33.8632,-117.7918,90.8,2018-08-14,0.0,,,,SAR-IMPERIAL-01,Perfluoroundecanoic acid,PFUnA,2018-08-14,11:50:00,0.4,ND,ng/L,4,N,18080368-02,537,33.85746227,-117.79209184
259,US1CAOR0021,33.8632,-117.7918,90.8,2018-08-14,0.0,,,,SAR-IMPERIAL-01,Perfluorotridecanoic acid,PFTrDA,2018-08-14,11:50:00,0.4,ND,ng/L,4,N,18080368-02,537,33.85746227,-117.79209184
258,US1CAOR0021,33.8632,-117.7918,90.8,2018-08-14,0.0,,,,SAR-IMPERIAL-01,Perfluorotetradecanoic acid,PFTA,2018-08-14,11:50:00,0.4,ND,ng/L,4,N,18080368-02,537,33.85746227,-117.79209184
257,US1CAOR0021,33.8632,-117.7918,90.8,2018-08-14,0.0,,,,SAR-IMPERIAL-01,Perfluorohexanoic acid,PFHxA,2018-08-14,11:50:00,18.3,18.3,ng/L,4,Y,18080368-02,537,33.85746227,-117.79209184
256,US1CAOR0021,33.8632,-117.7918,90.8,2018-08-14,0.0,,,,SAR-IMPERIAL-01,Perfluorododecanoic acid,PFDoA,2018-08-14,11:50:00,0.4,ND,ng/L,4,N,18080368-02,537,33.85746227,-117.79209184
255,US1CAOR0021,33.8632,-117.7918,90.8,2018-08-14,0.0,,,,SAR-IMPERIAL-01,Perfluorodecanoic acid,PFDA,2018-08-14,11:50:00,0.4,ND,ng/L,4,N,18080368-02,537,33.85746227,-117.79209184
254,US1CAOR0021,33.8632,-117.7918,90.8,2018-08-14,0.0,,,,SAR-IMPERIAL-01,Perfluoro-2-propoxypropanoic acid,GenX,2018-08-14,11:50:00,0.4,ND,ng/L,4,N,18080368-02,537,33.85746227,-117.79209184
252,US1CAOR0021,33.8632,-117.7918,90.8,2018-08-14,0.0,,,,SAR-IMPERIAL-01,Perfluoro octane sulfonic acid,PFOS,2018-08-14,11:50:00,19.0,19.0,ng/L,4,Y,18080368-02,537,33.85746227,-117.79209184
251,US1CAOR0021,33.8632,-117.7918,90.8,2018-08-14,0.0,,,,SAR-IMPERIAL-01,Perfluoro nonanoic acid,PFNA,2018-08-14,11:50:00,0.4,ND,ng/L,4,N,18080368-02,537,33.85746227,-117.79209184
250,US1CAOR0021,33.8632,-117.7918,90.8,2018-08-14,0.0,,,,SAR-IMPERIAL-01,Perfluoro hexane sulfonic acid,PFHxS,2018-08-14,11:50:00,6.9,6.9,ng/L,4,Y,18080368-02,537,33.85746227,-117.79209184
249,US1CAOR0021,33.8632,-117.7918,90.8,2018-08-14,0.0,,,,SAR-IMPERIAL-01,Perfluoro heptanoic acid,PFHpA,2018-08-14,11:50:00,4.7,4.7,ng/L,4,Y,18080368-02,537,33.85746227,-117.79209184
248,US1CAOR0021,33.8632,-117.7918,90.8,2018-08-14,0.0,,,,SAR-IMPERIAL-01,Perfluoro butane sulfonic acid,PFBS,2018-08-14,11:50:00,9.9,9.9,ng/L,4,Y,18080368-02,537,33.85746227,-117.79209184
253,US1CAOR0021,33.8632,-117.7918,90.8,2018-08-14,0.0,,,,SAR-IMPERIAL-01,Perfluoro octanoic acid,PFOA,2018-08-14,11:50:00,20.7,20.7,ng/L,4,Y,18080368-02,537,33.85746227,-117.79209184
269,US1CAOR0021,33.8632,-117.7918,90.8,2018-09-18,0.0,,,,SAR-IMPERIAL-01,Perfluorododecanoic acid,PFDoA,2018-09-18,12:00:00,0.4,ND,ng/L,4,N,18090350-02,537,33.85746227,-117.79209184
273,US1CAOR0021,33.8632,-117.7918,90.8,2018-09-18,0.0,,,,SAR-IMPERIAL-01,Perfluoroundecanoic acid,PFUnA,2018-09-18,12:00:00,0.4,ND,ng/L,4,N,18090350-02,537,33.85746227,-117.79209184
272,US1CAOR0021,33.8632,-117.7918,90.8,2018-09-18,0.0,,,,SAR-IMPERIAL-01,Perfluorotridecanoic acid,PFTrDA,2018-09-18,12:00:00,0.4,ND,ng/L,4,N,18090350-02,537,33.85746227,-117.79209184
271,US1CAOR0021,33.8632,-117.7918,90.8,2018-09-18,0.0,,,,SAR-IMPERIAL-01,Perfluorotetradecanoic acid,PFTA,2018-09-18,12:00:00,0.4,ND,ng/L,4,N,18090350-02,537,33.85746227,-117.79209184
270,US1CAOR0021,33.8632,-117.7918,90.8,2018-09-18,0.0,,,,SAR-IMPERIAL-01,Perfluorohexanoic acid,PFHxA,2018-09-18,12:00:00,29.8,29.8,ng/L,4,Y,18090350-02,537,33.85746227,-117.79209184
268,US1CAOR0021,33.8632,-117.7918,90.8,2018-09-18,0.0,,,,SAR-IMPERIAL-01,Perfluorodecanoic acid,PFDA,2018-09-18,12:00:00,0.4,ND,ng/L,4,N,18090350-02,537,33.85746227,-117.79209184
266,US1CAOR0021,33.8632,-117.7918,90.8,2018-09-18,0.0,,,,SAR-IMPERIAL-01,Perfluoro octanoic acid,PFOA,2018-09-18,12:00:00,21.7,21.7,ng/L,4,Y,18090350-02,537,33.85746227,-117.79209184
267,US1CAOR0021,33.8632,-117.7918,90.8,2018-09-18,0.0,,,,SAR-IMPERIAL-01,Perfluoro-2-propoxypropanoic acid,GenX,2018-09-18,12:00:00,0.4,ND,ng/L,4,N,18090350-02,537,33.85746227,-117.79209184
265,US1CAOR0021,33.8632,-117.7918,90.8,2018-09-18,0.0,,,,SAR-IMPERIAL-01,Perfluoro octane sulfonic acid,PFOS,2018-09-18,12:00:00,26.2,26.2,ng/L,4,Y,18090350-02,537,33.85746227,-117.79209184
264,US1CAOR0021,33.8632,-117.7918,90.8,2018-09-18,0.0,,,,SAR-IMPERIAL-01,Perfluoro nonanoic acid,PFNA,2018-09-18,12:00:00,0.4,ND,ng/L,4,N,18090350-02,537,33.85746227,-117.79209184
263,US1CAOR0021,33.8632,-117.7918,90.8,2018-09-18,0.0,,,,SAR-IMPERIAL-01,Perfluoro hexane sulfonic acid,PFHxS,2018-09-18,12:00:00,9.8,9.8,ng/L,4,Y,18090350-02,537,33.85746227,-117.79209184
262,US1CAOR0021,33.8632,-117.7918,90.8,2018-09-18,0.0,,,,SAR-IMPERIAL-01,Perfluoro heptanoic acid,PFHpA,2018-09-18,12:00:00,6.1,6.1,ng/L,4,Y,18090350-02,537,33.85746227,-117.79209184
261,US1CAOR0021,33.8632,-117.7918,90.8,2018-09-18,0.0,,,,SAR-IMPERIAL-01,Perfluoro butane sulfonic acid,PFBS,2018-09-18,12:00:00,14.8,14.8,ng/L,4,Y,18090350-02,537,33.85746227,-117.79209184
286,US1CAOR0021,33.8632,-117.7918,90.8,2018-10-22,0.0,,,,SAR-IMPERIAL-01,Perfluoroundecanoic acid,PFUnA,2018-10-22,12:35:00,0.4,ND,ng/L,4,N,18100715-02,537,33.85746227,-117.79209184
285,US1CAOR0021,33.8632,-117.7918,90.8,2018-10-22,0.0,,,,SAR-IMPERIAL-01,Perfluorotridecanoic acid,PFTrDA,2018-10-22,12:35:00,0.4,ND,ng/L,4,N,18100715-02,537,33.85746227,-117.79209184
284,US1CAOR0021,33.8632,-117.7918,90.8,2018-10-22,0.0,,,,SAR-IMPERIAL-01,Perfluorotetradecanoic acid,PFTA,2018-10-22,12:35:00,0.4,ND,ng/L,4,N,18100715-02,537,33.85746227,-117.79209184
283,US1CAOR0021,33.8632,-117.7918,90.8,2018-10-22,0.0,,,,SAR-IMPERIAL-01,Perfluorohexanoic acid,PFHxA,2018-10-22,12:35:00,25.0,25.0,ng/L,4,Y,18100715-02,537,33.85746227,-117.79209184
282,US1CAOR0021,33.8632,-117.7918,90.8,2018-10-22,0.0,,,,SAR-IMPERIAL-01,Perfluorododecanoic acid,PFDoA,2018-10-22,12:35:00,0.4,ND,ng/L,4,N,18100715-02,537,33.85746227,-117.79209184
281,US1CAOR0021,33.8632,-117.7918,90.8,2018-10-22,0.0,,,,SAR-IMPERIAL-01,Perfluorodecanoic acid,PFDA,2018-10-22,12:35:00,0.4,ND,ng/L,4,N,18100715-02,537,33.85746227,-117.79209184
280,US1CAOR0021,33.8632,-117.7918,90.8,2018-10-22,0.0,,,,SAR-IMPERIAL-01,Perfluoro-2-propoxypropanoic acid,GenX,2018-10-22,12:35:00,0.4,ND,ng/L,4,N,18100715-02,537,33.85746227,-117.79209184
279,US1CAOR0021,33.8632,-117.7918,90.8,2018-10-22,0.0,,,,SAR-IMPERIAL-01,Perfluoro octanoic acid,PFOA,2018-10-22,12:35:00,20.5,20.5,ng/L,4,Y,18100715-02,537,33.85746227,-117.79209184
278,US1CAOR0021,33.8632,-117.7918,90.8,2018-10-22,0.0,,,,SAR-IMPERIAL-01,Perfluoro octane sulfonic acid,PFOS,2018-10-22,12:35:00,17.7,17.7,ng/L,4,Y,18100715-02,537,33.85746227,-117.79209184
277,US1CAOR0021,33.8632,-117.7918,90.8,2018-10-22,0.0,,,,SAR-IMPERIAL-01,Perfluoro nonanoic acid,PFNA,2018-10-22,12:35:00,0.4,ND,ng/L,4,N,18100715-02,537,33.85746227,-117.79209184
276,US1CAOR0021,33.8632,-117.7918,90.8,2018-10-22,0.0,,,,SAR-IMPERIAL-01,Perfluoro hexane sulfonic acid,PFHxS,2018-10-22,12:35:00,7.6,7.6,ng/L,4,Y,18100715-02,537,33.85746227,-117.79209184
275,US1CAOR0021,33.8632,-117.7918,90.8,2018-10-22,0.0,,,,SAR-IMPERIAL-01,Perfluoro heptanoic acid,PFHpA,2018-10-22,12:35:00,6.5,6.5,ng/L,4,Y,18100715-02,537,33.85746227,-117.79209184
274,US1CAOR0021,33.8632,-117.7918,90.8,2018-10-22,0.0,,,,SAR-IMPERIAL-01,Perfluoro butane sulfonic acid,PFBS,2018-10-22,12:35:00,11.8,11.8,ng/L,4,Y,18100715-02,537,33.85746227,-117.79209184
299,US1CAOR0021,33.8632,-117.7918,90.8,2018-11-07,0.0,,,,SAR-IMPERIAL-01,Perfluoroundecanoic acid,PFUnA,2018-11-07,09:45:00,0.4,ND,ng/L,4,N,18110189-02,537,33.85746227,-117.79209184
298,US1CAOR0021,33.8632,-117.7918,90.8,2018-11-07,0.0,,,,SAR-IMPERIAL-01,Perfluorotridecanoic acid,PFTrDA,2018-11-07,09:45:00,0.4,ND,ng/L,4,N,18110189-02,537,33.85746227,-117.79209184
297,US1CAOR0021,33.8632,-117.7918,90.8,2018-11-07,0.0,,,,SAR-IMPERIAL-01,Perfluorotetradecanoic acid,PFTA,2018-11-07,09:45:00,0.4,ND,ng/L,4,N,18110189-02,537,33.85746227,-117.79209184
296,US1CAOR0021,33.8632,-117.7918,90.8,2018-11-07,0.0,,,,SAR-IMPERIAL-01,Perfluorohexanoic acid,PFHxA,2018-11-07,09:45:00,23.2,23.2,ng/L,4,Y,18110189-02,537,33.85746227,-117.79209184
295,US1CAOR0021,33.8632,-117.7918,90.8,2018-11-07,0.0,,,,SAR-IMPERIAL-01,Perfluorododecanoic acid,PFDoA,2018-11-07,09:45:00,0.4,ND,ng/L,4,N,18110189-02,537,33.85746227,-117.79209184
294,US1CAOR0021,33.8632,-117.7918,90.8,2018-11-07,0.0,,,,SAR-IMPERIAL-01,Perfluorodecanoic acid,PFDA,2018-11-07,09:45:00,0.4,ND,ng/L,4,N,18110189-02,537,33.85746227,-117.79209184
293,US1CAOR0021,33.8632,-117.7918,90.8,2018-11-07,0.0,,,,SAR-IMPERIAL-01,Perfluoro-2-propoxypropanoic acid,GenX,2018-11-07,09:45:00,0.4,ND,ng/L,4,N,18110189-02,537,33.85746227,-117.79209184
291,US1CAOR0021,33.8632,-117.7918,90.8,2018-11-07,0.0,,,,SAR-IMPERIAL-01,Perfluoro octane sulfonic acid,PFOS,2018-11-07,09:45:00,19.0,19.0,ng/L,4,Y,18110189-02,537,33.85746227,-117.79209184
290,US1CAOR0021,33.8632,-117.7918,90.8,2018-11-07,0.0,,,,SAR-IMPERIAL-01,Perfluoro nonanoic acid,PFNA,2018-11-07,09:45:00,0.4,ND,ng/L,4,N,18110189-02,537,33.85746227,-117.79209184
289,US1CAOR0021,33.8632,-117.7918,90.8,2018-11-07,0.0,,,,SAR-IMPERIAL-01,Perfluoro hexane sulfonic acid,PFHxS,2018-11-07,09:45:00,7.8,7.8,ng/L,4,Y,18110189-02,537,33.85746227,-117.79209184
288,US1CAOR0021,33.8632,-117.7918,90.8,2018-11-07,0.0,,,,SAR-IMPERIAL-01,Perfluoro heptanoic acid,PFHpA,2018-11-07,09:45:00,5.3,5.3,ng/L,4,Y,18110189-02,537,33.85746227,-117.79209184
287,US1CAOR0021,33.8632,-117.7918,90.8,2018-11-07,0.0,,,,SAR-IMPERIAL-01,Perfluoro butane sulfonic acid,PFBS,2018-11-07,09:45:00,11.1,11.1,ng/L,4,Y,18110189-02,537,33.85746227,-117.79209184
292,US1CAOR0021,33.8632,-117.7918,90.8,2018-11-07,0.0,,,,SAR-IMPERIAL-01,Perfluoro octanoic acid,PFOA,2018-11-07,09:45:00,17.8,17.8,ng/L,4,Y,18110189-02,537,33.85746227,-117.79209184
304,US1CAOR0021,33.8632,-117.7918,90.8,2018-12-04,0.0,,,,SAR-IMPERIAL-01,Perfluoro octane sulfonic acid,PFOS,2018-12-04,13:15:00,21.6,21.6,ng/L,4,Y,18120064-02,537,33.85746227,-117.79209184
310,US1CAOR0021,33.8632,-117.7918,90.8,2018-12-04,0.0,,,,SAR-IMPERIAL-01,Perfluorotetradecanoic acid,PFTA,2018-12-04,13:15:00,0.4,ND,ng/L,4,N,18120064-02,537,33.85746227,-117.79209184
309,US1CAOR0021,33.8632,-117.7918,90.8,2018-12-04,0.0,,,,SAR-IMPERIAL-01,Perfluorohexanoic acid,PFHxA,2018-12-04,13:15:00,28.6,28.6,ng/L,4,Y,18120064-02,537,33.85746227,-117.79209184
308,US1CAOR0021,33.8632,-117.7918,90.8,2018-12-04,0.0,,,,SAR-IMPERIAL-01,Perfluorododecanoic acid,PFDoA,2018-12-04,13:15:00,0.4,ND,ng/L,4,N,18120064-02,537,33.85746227,-117.79209184
307,US1CAOR0021,33.8632,-117.7918,90.8,2018-12-04,0.0,,,,SAR-IMPERIAL-01,Perfluorodecanoic acid,PFDA,2018-12-04,13:15:00,0.4,ND,ng/L,4,N,18120064-02,537,33.85746227,-117.79209184
306,US1CAOR0021,33.8632,-117.7918,90.8,2018-12-04,0.0,,,,SAR-IMPERIAL-01,Perfluoro-2-propoxypropanoic acid,GenX,2018-12-04,13:15:00,0.4,ND,ng/L,4,N,18120064-02,537,33.85746227,-117.79209184
303,US1CAOR0021,33.8632,-117.7918,90.8,2018-12-04,0.0,,,,SAR-IMPERIAL-01,Perfluoro nonanoic acid,PFNA,2018-12-04,13:15:00,0.4,ND,ng/L,4,N,18120064-02,537,33.85746227,-117.79209184
311,US1CAOR0021,33.8632,-117.7918,90.8,2018-12-04,0.0,,,,SAR-IMPERIAL-01,Perfluorotridecanoic acid,PFTrDA,2018-12-04,13:15:00,0.4,ND,ng/L,4,N,18120064-02,537,33.85746227,-117.79209184
302,US1CAOR0021,33.8632,-117.7918,90.8,2018-12-04,0.0,,,,SAR-IMPERIAL-01,Perfluoro hexane sulfonic acid,PFHxS,2018-12-04,13:15:00,6.6,6.6,ng/L,4,Y,18120064-02,537,33.85746227,-117.79209184
301,US1CAOR0021,33.8632,-117.7918,90.8,2018-12-04,0.0,,,,SAR-IMPERIAL-01,Perfluoro heptanoic acid,PFHpA,2018-12-04,13:15:00,5.8,5.8,ng/L,4,Y,18120064-02,537,33.85746227,-117.79209184
300,US1CAOR0021,33.8632,-117.7918,90.8,2018-12-04,0.0,,,,SAR-IMPERIAL-01,Perfluoro butane sulfonic acid,PFBS,2018-12-04,13:15:00,10.0,10.0,ng/L,4,Y,18120064-02,537,33.85746227,-117.79209184
305,US1CAOR0021,33.8632,-117.7918,90.8,2018-12-04,0.0,,,,SAR-IMPERIAL-01,Perfluoro octanoic acid,PFOA,2018-12-04,13:15:00,16.8,16.8,ng/L,4,Y,18120064-02,537,33.85746227,-117.79209184
312,US1CAOR0021,33.8632,-117.7918,90.8,2018-12-04,0.0,,,,SAR-IMPERIAL-01,Perfluoroundecanoic acid,PFUnA,2018-12-04,13:15:00,0.4,ND,ng/L,4,N,18120064-02,537,33.85746227,-117.79209184
321,US1CAOR0021,33.8632,-117.7918,90.8,2018-12-18,0.0,,,,SAR-IMPERIAL-01,Perfluorododecanoic acid,PFDoA,2018-12-18,13:15:00,0.4,ND,ng/L,4,N,18120400-02,537,33.85746227,-117.79209184
322,US1CAOR0021,33.8632,-117.7918,90.8,2018-12-18,0.0,,,,SAR-IMPERIAL-01,Perfluorohexanoic acid,PFHxA,2018-12-18,13:15:00,22.2,22.2,ng/L,4,Y,18120400-02,537,33.85746227,-117.79209184
320,US1CAOR0021,33.8632,-117.7918,90.8,2018-12-18,0.0,,,,SAR-IMPERIAL-01,Perfluorodecanoic acid,PFDA,2018-12-18,13:15:00,0.4,ND,ng/L,4,N,18120400-02,537,33.85746227,-117.79209184
324,US1CAOR0021,33.8632,-117.7918,90.8,2018-12-18,0.0,,,,SAR-IMPERIAL-01,Perfluorotridecanoic acid,PFTrDA,2018-12-18,13:15:00,0.4,ND,ng/L,4,N,18120400-02,537,33.85746227,-117.79209184
325,US1CAOR0021,33.8632,-117.7918,90.8,2018-12-18,0.0,,,,SAR-IMPERIAL-01,Perfluoroundecanoic acid,PFUnA,2018-12-18,13:15:00,0.4,ND,ng/L,4,N,18120400-02,537,33.85746227,-117.79209184
323,US1CAOR0021,33.8632,-117.7918,90.8,2018-12-18,0.0,,,,SAR-IMPERIAL-01,Perfluorotetradecanoic acid,PFTA,2018-12-18,13:15:00,0.4,ND,ng/L,4,N,18120400-02,537,33.85746227,-117.79209184
319,US1CAOR0021,33.8632,-117.7918,90.8,2018-12-18,0.0,,,,SAR-IMPERIAL-01,Perfluoro-2-propoxypropanoic acid,GenX,2018-12-18,13:15:00,0.4,ND,ng/L,4,N,18120400-02,537,33.85746227,-117.79209184
315,US1CAOR0021,33.8632,-117.7918,90.8,2018-12-18,0.0,,,,SAR-IMPERIAL-01,Perfluoro hexane sulfonic acid,PFHxS,2018-12-18,13:15:00,8.5,8.5,ng/L,4,Y,18120400-02,537,33.85746227,-117.79209184
317,US1CAOR0021,33.8632,-117.7918,90.8,2018-12-18,0.0,,,,SAR-IMPERIAL-01,Perfluoro octane sulfonic acid,PFOS,2018-12-18,13:15:00,19.4,19.4,ng/L,4,Y,18120400-02,537,33.85746227,-117.79209184
316,US1CAOR0021,33.8632,-117.7918,90.8,2018-12-18,0.0,,,,SAR-IMPERIAL-01,Perfluoro nonanoic acid,PFNA,2018-12-18,13:15:00,0.4,ND,ng/L,4,N,18120400-02,537,33.85746227,-117.79209184
318,US1CAOR0021,33.8632,-117.7918,90.8,2018-12-18,0.0,,,,SAR-IMPERIAL-01,Perfluoro octanoic acid,PFOA,2018-12-18,13:15:00,17.1,17.1,ng/L,4,Y,18120400-02,537,33.85746227,-117.79209184
314,US1CAOR0021,33.8632,-117.7918,90.8,2018-12-18,0.0,,,,SAR-IMPERIAL-01,Perfluoro heptanoic acid,PFHpA,2018-12-18,13:15:00,5.4,5.4,ng/L,4,Y,18120400-02,537,33.85746227,-117.79209184
313,US1CAOR0021,33.8632,-117.7918,90.8,2018-12-18,0.0,,,,SAR-IMPERIAL-01,Perfluoro butane sulfonic acid,PFBS,2018-12-18,13:15:00,11.8,11.8,ng/L,4,Y,18120400-02,537,33.85746227,-117.79209184
340,US1CAOR0021,33.8632,-117.7918,90.8,2019-01-09,0.0,,,,SAR-IMPERIAL-01,Perfluoroundecanoic acid,PFUnA,2019-01-09,14:10:00,0.4,ND,ng/L,4,N,19010196-02,537,33.85746227,-117.79209184
339,US1CAOR0021,33.8632,-117.7918,90.8,2019-01-09,0.0,,,,SAR-IMPERIAL-01,Perfluorotridecanoic acid,PFTrDA,2019-01-09,14:10:00,0.4,ND,ng/L,4,N,19010196-02,537,33.85746227,-117.79209184
338,US1CAOR0021,33.8632,-117.7918,90.8,2019-01-09,0.0,,,,SAR-IMPERIAL-01,Perfluorotetradecanoic acid,PFTA,2019-01-09,14:10:00,1.0,ND,ng/L,10,N,19010196-02,537,33.85746227,-117.79209184
337,US1CAOR0021,33.8632,-117.7918,90.8,2019-01-09,0.0,,,,SAR-IMPERIAL-01,Perfluorohexanoic acid,PFHxA,2019-01-09,14:10:00,23.2,23.2,ng/L,4,Y,19010196-02,537,33.85746227,-117.79209184
336,US1CAOR0021,33.8632,-117.7918,90.8,2019-01-09,0.0,,,,SAR-IMPERIAL-01,Perfluorododecanoic acid,PFDoA,2019-01-09,14:10:00,0.4,ND,ng/L,4,N,19010196-02,537,33.85746227,-117.79209184
335,US1CAOR0021,33.8632,-117.7918,90.8,2019-01-09,0.0,,,,SAR-IMPERIAL-01,Perfluorodecanoic acid,PFDA,2019-01-09,14:10:00,0.4,ND,ng/L,4,N,19010196-02,537,33.85746227,-117.79209184
333,US1CAOR0021,33.8632,-117.7918,90.8,2019-01-09,0.0,,,,SAR-IMPERIAL-01,Perfluoro octanoic acid,PFOA,2019-01-09,14:10:00,19.1,19.1,ng/L,4,Y,19010196-02,537,33.85746227,-117.79209184
334,US1CAOR0021,33.8632,-117.7918,90.8,2019-01-09,0.0,,,,SAR-IMPERIAL-01,Perfluoro-2-propoxypropanoic acid,GenX,2019-01-09,14:10:00,0.4,ND,ng/L,4,N,19010196-02,537,33.85746227,-117.79209184
331,US1CAOR0021,33.8632,-117.7918,90.8,2019-01-09,0.0,,,,SAR-IMPERIAL-01,Perfluoro nonanoic acid,PFNA,2019-01-09,14:10:00,0.4,ND,ng/L,4,N,19010196-02,537,33.85746227,-117.79209184
330,US1CAOR0021,33.8632,-117.7918,90.8,2019-01-09,0.0,,,,SAR-IMPERIAL-01,Perfluoro hexane sulfonic acid,PFHxS,2019-01-09,14:10:00,12.0,12.0,ng/L,4,Y,19010196-02,537,33.85746227,-117.79209184
329,US1CAOR0021,33.8632,-117.7918,90.8,2019-01-09,0.0,,,,SAR-IMPERIAL-01,Perfluoro heptanoic acid,PFHpA,2019-01-09,14:10:00,5.7,5.7,ng/L,4,Y,19010196-02,537,33.85746227,-117.79209184
328,US1CAOR0021,33.8632,-117.7918,90.8,2019-01-09,0.0,,,,SAR-IMPERIAL-01,Perfluoro butane sulfonic acid,PFBS,2019-01-09,14:10:00,12.9,12.9,ng/L,4,Y,19010196-02,537,33.85746227,-117.79209184
327,US1CAOR0021,33.8632,-117.7918,90.8,2019-01-09,0.0,,,,SAR-IMPERIAL-01,N-methyl perfluorooctanesulfonamidoacetic acid,MeFOSA,2019-01-09,14:10:00,0.4,ND,ng/L,4,N,19010196-02,537,33.85746227,-117.79209184
326,US1CAOR0021,33.8632,-117.7918,90.8,2019-01-09,0.0,,,,SAR-IMPERIAL-01,N-ethyl perfluorooctanesulfonamidoacetic acid,EtFOSA,2019-01-09,14:10:00,0.4,ND,ng/L,4,N,19010196-02,537,33.85746227,-117.79209184
332,US1CAOR0021,33.8632,-117.7918,90.8,2019-01-09,0.0,,,,SAR-IMPERIAL-01,Perfluoro octane sulfonic acid,PFOS,2019-01-09,14:10:00,21.7,21.7,ng/L,4,Y,19010196-02,537,33.85746227,-117.79209184
350,US1CAOR0021,33.8632,-117.7918,90.8,2019-01-17,1.04,,,,SAR-IMPERIAL-01,Perfluorodecanoic acid,PFDA,2019-01-17,14:15:00,0.4,ND,ng/L,4,N,19010402-02,537,33.85746227,-117.79209184
355,US1CAOR0021,33.8632,-117.7918,90.8,2019-01-17,1.04,,,,SAR-IMPERIAL-01,Perfluoroundecanoic acid,PFUnA,2019-01-17,14:15:00,0.4,ND,ng/L,4,N,19010402-02,537,33.85746227,-117.79209184
354,US1CAOR0021,33.8632,-117.7918,90.8,2019-01-17,1.04,,,,SAR-IMPERIAL-01,Perfluorotridecanoic acid,PFTrDA,2019-01-17,14:15:00,0.4,ND,ng/L,4,N,19010402-02,537,33.85746227,-117.79209184
353,US1CAOR0021,33.8632,-117.7918,90.8,2019-01-17,1.04,,,,SAR-IMPERIAL-01,Perfluorotetradecanoic acid,PFTA,2019-01-17,14:15:00,1.0,ND,ng/L,10,N,19010402-02,537,33.85746227,-117.79209184
352,US1CAOR0021,33.8632,-117.7918,90.8,2019-01-17,1.04,,,,SAR-IMPERIAL-01,Perfluorohexanoic acid,PFHxA,2019-01-17,14:15:00,9.3,9.3,ng/L,4,Y,19010402-02,537,33.85746227,-117.79209184
351,US1CAOR0021,33.8632,-117.7918,90.8,2019-01-17,1.04,,,,SAR-IMPERIAL-01,Perfluorododecanoic acid,PFDoA,2019-01-17,14:15:00,0.4,ND,ng/L,4,N,19010402-02,537,33.85746227,-117.79209184
349,US1CAOR0021,33.8632,-117.7918,90.8,2019-01-17,1.04,,,,SAR-IMPERIAL-01,Perfluoro-2-propoxypropanoic acid,GenX,2019-01-17,14:15:00,0.4,ND,ng/L,4,N,19010402-02,537,33.85746227,-117.79209184
341,US1CAOR0021,33.8632,-117.7918,90.8,2019-01-17,1.04,,,,SAR-IMPERIAL-01,N-ethyl perfluorooctanesulfonamidoacetic acid,EtFOSA,2019-01-17,14:15:00,0.4,ND,ng/L,4,N,19010402-02,537,33.85746227,-117.79209184
347,US1CAOR0021,33.8632,-117.7918,90.8,2019-01-17,1.04,,,,SAR-IMPERIAL-01,Perfluoro octane sulfonic acid,PFOS,2019-01-17,14:15:00,12.4,12.4,ng/L,4,Y,19010402-02,537,33.85746227,-117.79209184
346,US1CAOR0021,33.8632,-117.7918,90.8,2019-01-17,1.04,,,,SAR-IMPERIAL-01,Perfluoro nonanoic acid,PFNA,2019-01-17,14:15:00,0.4,ND,ng/L,4,N,19010402-02,537,33.85746227,-117.79209184
345,US1CAOR0021,33.8632,-117.7918,90.8,2019-01-17,1.04,,,,SAR-IMPERIAL-01,Perfluoro hexane sulfonic acid,PFHxS,2019-01-17,14:15:00,0.4,ND,ng/L,4,N,19010402-02,537,33.85746227,-117.79209184
344,US1CAOR0021,33.8632,-117.7918,90.8,2019-01-17,1.04,,,,SAR-IMPERIAL-01,Perfluoro heptanoic acid,PFHpA,2019-01-17,14:15:00,0.4,ND,ng/L,4,N,19010402-02,537,33.85746227,-117.79209184
343,US1CAOR0021,33.8632,-117.7918,90.8,2019-01-17,1.04,,,,SAR-IMPERIAL-01,Perfluoro butane sulfonic acid,PFBS,2019-01-17,14:15:00,5.3,5.3,ng/L,4,Y,19010402-02,537,33.85746227,-117.79209184
342,US1CAOR0021,33.8632,-117.7918,90.8,2019-01-17,1.04,,,,SAR-IMPERIAL-01,N-methyl perfluorooctanesulfonamidoacetic acid,MeFOSA,2019-01-17,14:15:00,0.4,ND,ng/L,4,N,19010402-02,537,33.85746227,-117.79209184
348,US1CAOR0021,33.8632,-117.7918,90.8,2019-01-17,1.04,,,,SAR-IMPERIAL-01,Perfluoro octanoic acid,PFOA,2019-01-17,14:15:00,12.0,12.0,ng/L,4,Y,19010402-02,537,33.85746227,-117.79209184
364,US1CAOR0021,33.8632,-117.7918,90.8,2019-02-05,0.83,,,,SAR-IMPERIAL-01,Perfluoro-2-propoxypropanoic acid,GenX,2019-02-05,13:45:00,0.4,ND,ng/L,4,N,19020068-02,537,33.85746227,-117.79209184
370,US1CAOR0021,33.8632,-117.7918,90.8,2019-02-05,0.83,,,,SAR-IMPERIAL-01,Perfluoroundecanoic acid,PFUnA,2019-02-05,13:45:00,0.4,ND,ng/L,4,N,19020068-02,537,33.85746227,-117.79209184
368,US1CAOR0021,33.8632,-117.7918,90.8,2019-02-05,0.83,,,,SAR-IMPERIAL-01,Perfluorotetradecanoic acid,PFTA,2019-02-05,13:45:00,0.4,ND,ng/L,4,N,19020068-02,537,33.85746227,-117.79209184
367,US1CAOR0021,33.8632,-117.7918,90.8,2019-02-05,0.83,,,,SAR-IMPERIAL-01,Perfluorohexanoic acid,PFHxA,2019-02-05,13:45:00,10.0,10.0,ng/L,4,Y,19020068-02,537,33.85746227,-117.79209184
366,US1CAOR0021,33.8632,-117.7918,90.8,2019-02-05,0.83,,,,SAR-IMPERIAL-01,Perfluorododecanoic acid,PFDoA,2019-02-05,13:45:00,0.4,ND,ng/L,4,N,19020068-02,537,33.85746227,-117.79209184
365,US1CAOR0021,33.8632,-117.7918,90.8,2019-02-05,0.83,,,,SAR-IMPERIAL-01,Perfluorodecanoic acid,PFDA,2019-02-05,13:45:00,0.4,ND,ng/L,4,N,19020068-02,537,33.85746227,-117.79209184
363,US1CAOR0021,33.8632,-117.7918,90.8,2019-02-05,0.83,,,,SAR-IMPERIAL-01,Perfluoro octanoic acid,PFOA,2019-02-05,13:45:00,11.6,11.6,ng/L,4,Y,19020068-02,537,33.85746227,-117.79209184
369,US1CAOR0021,33.8632,-117.7918,90.8,2019-02-05,0.83,,,,SAR-IMPERIAL-01,Perfluorotridecanoic acid,PFTrDA,2019-02-05,13:45:00,0.4,ND,ng/L,4,N,19020068-02,537,33.85746227,-117.79209184
361,US1CAOR0021,33.8632,-117.7918,90.8,2019-02-05,0.83,,,,SAR-IMPERIAL-01,Perfluoro nonanoic acid,PFNA,2019-02-05,13:45:00,0.4,ND,ng/L,4,N,19020068-02,537,33.85746227,-117.79209184
356,US1CAOR0021,33.8632,-117.7918,90.8,2019-02-05,0.83,,,,SAR-IMPERIAL-01,N-ethyl perfluorooctanesulfonamidoacetic acid,EtFOSA,2019-02-05,13:45:00,0.4,ND,ng/L,4,N,19020068-02,537,33.85746227,-117.79209184
357,US1CAOR0021,33.8632,-117.7918,90.8,2019-02-05,0.83,,,,SAR-IMPERIAL-01,N-methyl perfluorooctanesulfonamidoacetic acid,MeFOSA,2019-02-05,13:45:00,0.4,ND,ng/L,4,N,19020068-02,537,33.85746227,-117.79209184
362,US1CAOR0021,33.8632,-117.7918,90.8,2019-02-05,0.83,,,,SAR-IMPERIAL-01,Perfluoro octane sulfonic acid,PFOS,2019-02-05,13:45:00,12.0,12.0,ng/L,4,Y,19020068-02,537,33.85746227,-117.79209184
359,US1CAOR0021,33.8632,-117.7918,90.8,2019-02-05,0.83,,,,SAR-IMPERIAL-01,Perfluoro heptanoic acid,PFHpA,2019-02-05,13:45:00,0.4,ND,ng/L,4,N,19020068-02,537,33.85746227,-117.79209184
360,US1CAOR0021,33.8632,-117.7918,90.8,2019-02-05,0.83,,,,SAR-IMPERIAL-01,Perfluoro hexane sulfonic acid,PFHxS,2019-02-05,13:45:00,4.4,4.4,ng/L,4,Y,19020068-02,537,33.85746227,-117.79209184
358,US1CAOR0021,33.8632,-117.7918,90.8,2019-02-05,0.83,,,,SAR-IMPERIAL-01,Perfluoro butane sulfonic acid,PFBS,2019-02-05,13:45:00,5.3,5.3,ng/L,4,Y,19020068-02,537,33.85746227,-117.79209184
384,US1CAOR0021,33.8632,-117.7918,90.8,2019-03-21,0.02,,,,SAR-IMPERIAL-01,Perfluoroundecanoic acid,PFUnA,2019-03-21,11:50:00,0.4,ND,ng/L,4,N,19030524-02,537RV1.1,33.85746227,-117.79209184
383,US1CAOR0021,33.8632,-117.7918,90.8,2019-03-21,0.02,,,,SAR-IMPERIAL-01,Perfluorotridecanoic acid,PFTrDA,2019-03-21,11:50:00,0.4,ND,ng/L,4,N,19030524-02,537RV1.1,33.85746227,-117.79209184
382,US1CAOR0021,33.8632,-117.7918,90.8,2019-03-21,0.02,,,,SAR-IMPERIAL-01,Perfluorotetradecanoic acid,PFTA,2019-03-21,11:50:00,0.4,ND,ng/L,4,N,19030524-02,537RV1.1,33.85746227,-117.79209184
381,US1CAOR0021,33.8632,-117.7918,90.8,2019-03-21,0.02,,,,SAR-IMPERIAL-01,Perfluorohexanoic acid,PFHxA,2019-03-21,11:50:00,19.6,19.6,ng/L,4,Y,19030524-02,537RV1.1,33.85746227,-117.79209184
380,US1CAOR0021,33.8632,-117.7918,90.8,2019-03-21,0.02,,,,SAR-IMPERIAL-01,Perfluorododecanoic acid,PFDoA,2019-03-21,11:50:00,0.4,ND,ng/L,4,N,19030524-02,537RV1.1,33.85746227,-117.79209184
378,US1CAOR0021,33.8632,-117.7918,90.8,2019-03-21,0.02,,,,SAR-IMPERIAL-01,Perfluoro octanoic acid,PFOA,2019-03-21,11:50:00,17.2,17.2,ng/L,4,Y,19030524-02,537RV1.1,33.85746227,-117.79209184
379,US1CAOR0021,33.8632,-117.7918,90.8,2019-03-21,0.02,,,,SAR-IMPERIAL-01,Perfluorodecanoic acid,PFDA,2019-03-21,11:50:00,0.4,ND,ng/L,4,N,19030524-02,537RV1.1,33.85746227,-117.79209184
376,US1CAOR0021,33.8632,-117.7918,90.8,2019-03-21,0.02,,,,SAR-IMPERIAL-01,Perfluoro nonanoic acid,PFNA,2019-03-21,11:50:00,0.4,ND,ng/L,4,N,19030524-02,537RV1.1,33.85746227,-117.79209184
375,US1CAOR0021,33.8632,-117.7918,90.8,2019-03-21,0.02,,,,SAR-IMPERIAL-01,Perfluoro hexane sulfonic acid,PFHxS,2019-03-21,11:50:00,8.2,8.2,ng/L,4,Y,19030524-02,537RV1.1,33.85746227,-117.79209184
374,US1CAOR0021,33.8632,-117.7918,90.8,2019-03-21,0.02,,,,SAR-IMPERIAL-01,Perfluoro heptanoic acid,PFHpA,2019-03-21,11:50:00,5.4,5.4,ng/L,4,Y,19030524-02,537RV1.1,33.85746227,-117.79209184
373,US1CAOR0021,33.8632,-117.7918,90.8,2019-03-21,0.02,,,,SAR-IMPERIAL-01,Perfluoro butane sulfonic acid,PFBS,2019-03-21,11:50:00,11.0,11.0,ng/L,4,Y,19030524-02,537RV1.1,33.85746227,-117.79209184
372,US1CAOR0021,33.8632,-117.7918,90.8,2019-03-21,0.02,,,,SAR-IMPERIAL-01,N-methyl perfluorooctanesulfonamidoacetic acid,MeFOSA,2019-03-21,11:50:00,0.4,ND,ng/L,4,N,19030524-02,537RV1.1,33.85746227,-117.79209184
371,US1CAOR0021,33.8632,-117.7918,90.8,2019-03-21,0.02,,,,SAR-IMPERIAL-01,N-ethyl perfluorooctanesulfonamidoacetic acid,EtFOSA,2019-03-21,11:50:00,0.4,ND,ng/L,4,N,19030524-02,537RV1.1,33.85746227,-117.79209184
377,US1CAOR0021,33.8632,-117.7918,90.8,2019-03-21,0.02,,,,SAR-IMPERIAL-01,Perfluoro octane sulfonic acid,PFOS,2019-03-21,11:50:00,17.7,17.7,ng/L,4,Y,19030524-02,537RV1.1,33.85746227,-117.79209184
398,US1CAOR0021,33.8632,-117.7918,90.8,2019-04-09,0.0,,,,SAR-IMPERIAL-01,Perfluoroundecanoic acid,PFUnA,2019-04-09,11:45:00,0.4,ND,ng/L,4,N,19040286-02,537RV1.1,33.85746227,-117.79209184
397,US1CAOR0021,33.8632,-117.7918,90.8,2019-04-09,0.0,,,,SAR-IMPERIAL-01,Perfluorotridecanoic acid,PFTrDA,2019-04-09,11:45:00,0.4,ND,ng/L,4,N,19040286-02,537RV1.1,33.85746227,-117.79209184
396,US1CAOR0021,33.8632,-117.7918,90.8,2019-04-09,0.0,,,,SAR-IMPERIAL-01,Perfluorotetradecanoic acid,PFTA,2019-04-09,11:45:00,0.4,ND,ng/L,4,N,19040286-02,537RV1.1,33.85746227,-117.79209184
395,US1CAOR0021,33.8632,-117.7918,90.8,2019-04-09,0.0,,,,SAR-IMPERIAL-01,Perfluorohexanoic acid,PFHxA,2019-04-09,11:45:00,22.2,22.2,ng/L,4,Y,19040286-02,537RV1.1,33.85746227,-117.79209184
394,US1CAOR0021,33.8632,-117.7918,90.8,2019-04-09,0.0,,,,SAR-IMPERIAL-01,Perfluorododecanoic acid,PFDoA,2019-04-09,11:45:00,0.4,ND,ng/L,4,N,19040286-02,537RV1.1,33.85746227,-117.79209184
393,US1CAOR0021,33.8632,-117.7918,90.8,2019-04-09,0.0,,,,SAR-IMPERIAL-01,Perfluorodecanoic acid,PFDA,2019-04-09,11:45:00,0.4,ND,ng/L,4,N,19040286-02,537RV1.1,33.85746227,-117.79209184
392,US1CAOR0021,33.8632,-117.7918,90.8,2019-04-09,0.0,,,,SAR-IMPERIAL-01,Perfluoro octanoic acid,PFOA,2019-04-09,11:45:00,17.3,17.3,ng/L,4,Y,19040286-02,537RV1.1,33.85746227,-117.79209184
391,US1CAOR0021,33.8632,-117.7918,90.8,2019-04-09,0.0,,,,SAR-IMPERIAL-01,Perfluoro octane sulfonic acid,PFOS,2019-04-09,11:45:00,17.3,17.3,ng/L,4,Y,19040286-02,537RV1.1,33.85746227,-117.79209184
389,US1CAOR0021,33.8632,-117.7918,90.8,2019-04-09,0.0,,,,SAR-IMPERIAL-01,Perfluoro hexane sulfonic acid,PFHxS,2019-04-09,11:45:00,7.9,7.9,ng/L,4,Y,19040286-02,537RV1.1,33.85746227,-117.79209184
388,US1CAOR0021,33.8632,-117.7918,90.8,2019-04-09,0.0,,,,SAR-IMPERIAL-01,Perfluoro heptanoic acid,PFHpA,2019-04-09,11:45:00,5.6,5.6,ng/L,4,Y,19040286-02,537RV1.1,33.85746227,-117.79209184
387,US1CAOR0021,33.8632,-117.7918,90.8,2019-04-09,0.0,,,,SAR-IMPERIAL-01,Perfluoro butane sulfonic acid,PFBS,2019-04-09,11:45:00,10.8,10.8,ng/L,4,Y,19040286-02,537RV1.1,33.85746227,-117.79209184
386,US1CAOR0021,33.8632,-117.7918,90.8,2019-04-09,0.0,,,,SAR-IMPERIAL-01,N-methyl perfluorooctanesulfonamidoacetic acid,MeFOSA,2019-04-09,11:45:00,0.4,ND,ng/L,4,N,19040286-02,537RV1.1,33.85746227,-117.79209184
385,US1CAOR0021,33.8632,-117.7918,90.8,2019-04-09,0.0,,,,SAR-IMPERIAL-01,N-ethyl perfluorooctanesulfonamidoacetic acid,EtFOSA,2019-04-09,11:45:00,0.4,ND,ng/L,4,N,19040286-02,537RV1.1,33.85746227,-117.79209184
390,US1CAOR0021,33.8632,-117.7918,90.8,2019-04-09,0.0,,,,SAR-IMPERIAL-01,Perfluoro nonanoic acid,PFNA,2019-04-09,11:45:00,0.4,ND,ng/L,4,N,19040286-02,537RV1.1,33.85746227,-117.79209184
412,US1CAOR0021,33.8632,-117.7918,90.8,2019-05-07,0.02,,,,SAR-IMPERIAL-01,Perfluoroundecanoic acid,PFUnA,2019-05-07,09:50:00,0.4,ND,ng/L,4,N,19050172-02,537RV1.1,33.85746227,-117.79209184
411,US1CAOR0021,33.8632,-117.7918,90.8,2019-05-07,0.02,,,,SAR-IMPERIAL-01,Perfluorotridecanoic acid,PFTrDA,2019-05-07,09:50:00,0.4,ND,ng/L,4,N,19050172-02,537RV1.1,33.85746227,-117.79209184
410,US1CAOR0021,33.8632,-117.7918,90.8,2019-05-07,0.02,,,,SAR-IMPERIAL-01,Perfluorotetradecanoic acid,PFTA,2019-05-07,09:50:00,0.4,ND,ng/L,4,N,19050172-02,537RV1.1,33.85746227,-117.79209184
409,US1CAOR0021,33.8632,-117.7918,90.8,2019-05-07,0.02,,,,SAR-IMPERIAL-01,Perfluorohexanoic acid,PFHxA,2019-05-07,09:50:00,27.3,27.3,ng/L,4,Y,19050172-02,537RV1.1,33.85746227,-117.79209184
408,US1CAOR0021,33.8632,-117.7918,90.8,2019-05-07,0.02,,,,SAR-IMPERIAL-01,Perfluorododecanoic acid,PFDoA,2019-05-07,09:50:00,0.4,ND,ng/L,4,N,19050172-02,537RV1.1,33.85746227,-117.79209184
407,US1CAOR0021,33.8632,-117.7918,90.8,2019-05-07,0.02,,,,SAR-IMPERIAL-01,Perfluorodecanoic acid,PFDA,2019-05-07,09:50:00,0.4,ND,ng/L,4,N,19050172-02,537RV1.1,33.85746227,-117.79209184
406,US1CAOR0021,33.8632,-117.7918,90.8,2019-05-07,0.02,,,,SAR-IMPERIAL-01,Perfluoro octanoic acid,PFOA,2019-05-07,09:50:00,20.8,20.8,ng/L,4,Y,19050172-02,537RV1.1,33.85746227,-117.79209184
405,US1CAOR0021,33.8632,-117.7918,90.8,2019-05-07,0.02,,,,SAR-IMPERIAL-01,Perfluoro octane sulfonic acid,PFOS,2019-05-07,09:50:00,18.4,18.4,ng/L,4,Y,19050172-02,537RV1.1,33.85746227,-117.79209184
403,US1CAOR0021,33.8632,-117.7918,90.8,2019-05-07,0.02,,,,SAR-IMPERIAL-01,Perfluoro hexane sulfonic acid,PFHxS,2019-05-07,09:50:00,10.9,10.9,ng/L,4,Y,19050172-02,537RV1.1,33.85746227,-117.79209184
402,US1CAOR0021,33.8632,-117.7918,90.8,2019-05-07,0.02,,,,SAR-IMPERIAL-01,Perfluoro heptanoic acid,PFHpA,2019-05-07,09:50:00,8.3,8.3,ng/L,4,Y,19050172-02,537RV1.1,33.85746227,-117.79209184
401,US1CAOR0021,33.8632,-117.7918,90.8,2019-05-07,0.02,,,,SAR-IMPERIAL-01,Perfluoro butane sulfonic acid,PFBS,2019-05-07,09:50:00,10.1,10.1,ng/L,4,Y,19050172-02,537RV1.1,33.85746227,-117.79209184
400,US1CAOR0021,33.8632,-117.7918,90.8,2019-05-07,0.02,,,,SAR-IMPERIAL-01,N-methyl perfluorooctanesulfonamidoacetic acid,MeFOSA,2019-05-07,09:50:00,0.4,ND,ng/L,4,N,19050172-02,537RV1.1,33.85746227,-117.79209184
399,US1CAOR0021,33.8632,-117.7918,90.8,2019-05-07,0.02,,,,SAR-IMPERIAL-01,N-ethyl perfluorooctanesulfonamidoacetic acid,EtFOSA,2019-05-07,09:50:00,0.4,ND,ng/L,4,N,19050172-02,537RV1.1,33.85746227,-117.79209184
404,US1CAOR0021,33.8632,-117.7918,90.8,2019-05-07,0.02,,,,SAR-IMPERIAL-01,Perfluoro nonanoic acid,PFNA,2019-05-07,09:50:00,0.4,ND,ng/L,4,N,19050172-02,537RV1.1,33.85746227,-117.79209184
420,US1CAOR0021,33.8632,-117.7918,90.8,2019-06-04,0.0,,,,SAR-IMPERIAL-01,Perfluoro octanoic acid,PFOA,2019-06-04,11:35:00,20.4,20.4,ng/L,4,Y,19060084-02,537RV1.1,33.85746227,-117.79209184
424,US1CAOR0021,33.8632,-117.7918,90.8,2019-06-04,0.0,,,,SAR-IMPERIAL-01,Perfluorotetradecanoic acid,PFTA,2019-06-04,11:35:00,0.4,ND,ng/L,4,N,19060084-02,537RV1.1,33.85746227,-117.79209184
423,US1CAOR0021,33.8632,-117.7918,90.8,2019-06-04,0.0,,,,SAR-IMPERIAL-01,Perfluorohexanoic acid,PFHxA,2019-06-04,11:35:00,25.2,25.2,ng/L,4,Y,19060084-02,537RV1.1,33.85746227,-117.79209184
422,US1CAOR0021,33.8632,-117.7918,90.8,2019-06-04,0.0,,,,SAR-IMPERIAL-01,Perfluorododecanoic acid,PFDoA,2019-06-04,11:35:00,0.4,ND,ng/L,4,N,19060084-02,537RV1.1,33.85746227,-117.79209184
421,US1CAOR0021,33.8632,-117.7918,90.8,2019-06-04,0.0,,,,SAR-IMPERIAL-01,Perfluorodecanoic acid,PFDA,2019-06-04,11:35:00,0.4,ND,ng/L,4,N,19060084-02,537RV1.1,33.85746227,-117.79209184
419,US1CAOR0021,33.8632,-117.7918,90.8,2019-06-04,0.0,,,,SAR-IMPERIAL-01,Perfluoro octane sulfonic acid,PFOS,2019-06-04,11:35:00,26.5,26.5,ng/L,4,Y,19060084-02,537RV1.1,33.85746227,-117.79209184
425,US1CAOR0021,33.8632,-117.7918,90.8,2019-06-04,0.0,,,,SAR-IMPERIAL-01,Perfluorotridecanoic acid,PFTrDA,2019-06-04,11:35:00,0.4,ND,ng/L,4,N,19060084-02,537RV1.1,33.85746227,-117.79209184
417,US1CAOR0021,33.8632,-117.7918,90.8,2019-06-04,0.0,,,,SAR-IMPERIAL-01,Perfluoro hexane sulfonic acid,PFHxS,2019-06-04,11:35:00,13.3,13.3,ng/L,4,Y,19060084-02,537RV1.1,33.85746227,-117.79209184
416,US1CAOR0021,33.8632,-117.7918,90.8,2019-06-04,0.0,,,,SAR-IMPERIAL-01,Perfluoro heptanoic acid,PFHpA,2019-06-04,11:35:00,7.8,7.8,ng/L,4,Y,19060084-02,537RV1.1,33.85746227,-117.79209184
415,US1CAOR0021,33.8632,-117.7918,90.8,2019-06-04,0.0,,,,SAR-IMPERIAL-01,Perfluoro butane sulfonic acid,PFBS,2019-06-04,11:35:00,12.9,12.9,ng/L,4,Y,19060084-02,537RV1.1,33.85746227,-117.79209184
414,US1CAOR0021,33.8632,-117.7918,90.8,2019-06-04,0.0,,,,SAR-IMPERIAL-01,N-methyl perfluorooctanesulfonamidoacetic acid,MeFOSA,2019-06-04,11:35:00,0.4,ND,ng/L,4,N,19060084-02,537RV1.1,33.85746227,-117.79209184
413,US1CAOR0021,33.8632,-117.7918,90.8,2019-06-04,0.0,,,,SAR-IMPERIAL-01,N-ethyl perfluorooctanesulfonamidoacetic acid,EtFOSA,2019-06-04,11:35:00,0.4,ND,ng/L,4,N,19060084-02,537RV1.1,33.85746227,-117.79209184
418,US1CAOR0021,33.8632,-117.7918,90.8,2019-06-04,0.0,,,,SAR-IMPERIAL-01,Perfluoro nonanoic acid,PFNA,2019-06-04,11:35:00,0.4,ND,ng/L,4,N,19060084-02,537RV1.1,33.85746227,-117.79209184
426,US1CAOR0021,33.8632,-117.7918,90.8,2019-06-04,0.0,,,,SAR-IMPERIAL-01,Perfluoroundecanoic acid,PFUnA,2019-06-04,11:35:00,0.4,ND,ng/L,4,N,19060084-02,537RV1.1,33.85746227,-117.79209184
